run,model,dataset,r2_score,rmse,time,memory
1,ARFR,FriedmanGra,0.7616254602455235,2.4320597471886463,1550.5318775177002,671.9375
10,ARFR,FriedmanGra,0.7586375574652793,2.4472545922837776,1176.423256635666,684.46484375
2,ARFR,FriedmanGra,0.7467686337958394,2.506704006029641,1536.0745940208435,683.5546875
3,ARFR,FriedmanGra,0.755229166886122,2.4644734230810883,1486.443158864975,650.32421875
4,ARFR,FriedmanGra,0.7498329137037552,2.49149139309664,1138.3214468955994,670.890625
5,ARFR,FriedmanGra,0.7592382662758191,2.4442073012113488,1172.7652015686035,623.6015625
6,ARFR,FriedmanGra,0.7467686337958394,2.506704006029641,1158.922521829605,670.7890625
7,ARFR,FriedmanGra,0.7616254602455235,2.4320597471886463,1127.4481346607208,699.75
8,ARFR,FriedmanGra,0.7547359338994825,2.4669552298900044,1176.1163403987885,675.765625
9,ARFR,FriedmanGra,0.7586375574652793,2.4472545922837776,1174.4684619903564,702.55859375
1,ARFR,FriedmanGsg,0.752913298621587,2.4748940781665723,1596.8068861961365,564.6640625
10,ARFR,FriedmanGsg,0.7588215144263338,2.4451258249083665,1220.3189051151276,630.0390625
2,ARFR,FriedmanGsg,0.7438790773737853,2.5197326270203666,1613.6537065505981,642.2265625
3,ARFR,FriedmanGsg,0.7374372155777287,2.5512235512614887,1392.877454996109,726.7265625
4,ARFR,FriedmanGsg,0.7438790773737853,2.5197326270203666,1138.5742678642273,702.44140625
5,ARFR,FriedmanGsg,0.7374372155777287,2.5512235512614887,1170.25040268898,717.72265625
6,ARFR,FriedmanGsg,0.7588215144263338,2.4451258249083665,1106.9718129634857,717.26953125
7,ARFR,FriedmanGsg,0.752913298621587,2.4748940781665723,1213.8269667625427,587.23828125
8,ARFR,FriedmanGsg,0.7481899514446504,2.4984373236005792,1234.8980000019073,643.08984375
9,ARFR,FriedmanGsg,0.752913298621587,2.4748940781665723,1120.900625705719,534.53125
1,ARFR,FriedmanLea,0.7827254894731861,2.51955873204411,1372.6498484611511,513.578125
10,ARFR,FriedmanLea,0.7908777977550594,2.4718389319753102,955.6943175792694,514.69921875
2,ARFR,FriedmanLea,0.7826642900260015,2.5199135475829504,1367.7284853458405,529.640625
3,ARFR,FriedmanLea,0.7933660302791761,2.4570893859669143,1140.8361852169037,547.8046875
4,ARFR,FriedmanLea,0.7883139381419142,2.486945270919373,966.7170698642731,540.15234375
5,ARFR,FriedmanLea,0.7827254894731861,2.51955873204411,970.780389547348,537.015625
6,ARFR,FriedmanLea,0.7826642900260015,2.5199135475829504,1010.4008839130402,583.62890625
7,ARFR,FriedmanLea,0.7908777977550594,2.4718389319753102,1007.7616097927094,491.94921875
8,ARFR,FriedmanLea,0.8021536462080053,2.404274895495276,994.7087180614471,527.40234375
9,ARFR,FriedmanLea,0.7938635967650521,2.4541293155760866,1016.1648547649384,545.83984375
1,ARFR,House8L,0.49058259694538087,37728.29837110667,165.31957507133484,152.8671875
10,ARFR,House8L,0.49058259694538087,37728.29837110667,115.75947594642639,166.81640625
2,ARFR,House8L,0.49058259694538087,37728.29837110667,157.19027662277222,147.53125
3,ARFR,House8L,0.4962052137306625,37519.51049088674,144.63344264030457,151.66796875
4,ARFR,House8L,0.49058259694538087,37728.29837110667,119.68330764770508,175.08203125
5,ARFR,House8L,0.5017727655539556,37311.61616188978,122.1591124534607,138.33984375
6,ARFR,House8L,0.5017727655539556,37311.61616188978,115.9143431186676,139.54296875
7,ARFR,House8L,0.5017727655539556,37311.61616188978,132.90543627738953,168.81640625
8,ARFR,House8L,0.5092187033429603,37031.75811881769,134.6194703578949,143.83203125
9,ARFR,House8L,0.5016376423630695,37316.675422500026,119.93419575691223,143.21484375
1,ARFR,MetroTraffic,0.21837082691862253,1756.8817304075667,190.32345962524414,76.5625
10,ARFR,MetroTraffic,0.21837082691862253,1756.8817304075667,148.22390866279602,105.9296875
2,ARFR,MetroTraffic,0.21019127983293384,1766.0504621328419,181.6789734363556,102.12890625
3,ARFR,MetroTraffic,0.2102446906943748,1765.9907464897494,159.7548668384552,130.08203125
4,ARFR,MetroTraffic,0.2102446906943748,1765.9907464897494,136.3362843990326,84.74609375
5,ARFR,MetroTraffic,0.21463816352240173,1761.0717208492863,132.82888388633728,94.34765625
6,ARFR,MetroTraffic,0.21019127983293384,1766.0504621328419,133.93242716789246,106.73046875
7,ARFR,MetroTraffic,0.22331385705141005,1751.3176514631375,146.55826926231384,63.0625
8,ARFR,MetroTraffic,0.21391187237139386,1761.8858393692667,149.82707118988037,63.6171875
9,ARFR,MetroTraffic,0.212737238936609,1763.2017207519289,133.68034529685974,67.15625
1,ARFR,abalone,0.590198909977458,2.135179565813071,34.94809150695801,7.7109375
10,ARFR,abalone,0.5899026879927576,2.135951126563016,22.192605018615723,10.12890625
2,ARFR,abalone,0.5932270117169178,2.1272763058665727,33.43002676963806,17.03125
3,ARFR,abalone,0.5927984869925623,2.1283965259414446,31.20835566520691,13.125
4,ARFR,abalone,0.6029749519749001,2.1016326331759165,22.646173000335693,15.3046875
5,ARFR,abalone,0.599366072494051,2.111162738800326,23.339027643203735,2.0390625
6,ARFR,abalone,0.6032133495067081,2.1010015656037573,21.485929250717163,11.04296875
7,ARFR,abalone,0.591735811405915,2.131171959262391,24.494670629501343,19.74609375
8,ARFR,abalone,0.5948379164588766,2.123059901300095,24.69472336769104,11.5625
9,ARFR,abalone,0.5927984869925623,2.1283965259414446,24.64862847328186,5.9375
1,ARFR,ailerons,0.5972310832987757,0.07191270246849801,110.55592894554138,65.6796875
10,ARFR,ailerons,0.6602422116692189,0.06604840689603414,75.0622947216034,65.17578125
2,ARFR,ailerons,0.5972310832987757,0.07191270246849801,92.07539868354797,51.69140625
3,ARFR,ailerons,0.5972310832987757,0.07191270246849801,96.6137261390686,73.203125
4,ARFR,ailerons,0.6177252632535603,0.07005924217377613,88.27573037147522,68.8203125
5,ARFR,ailerons,0.5951746016256706,0.07209605681410705,72.76179575920105,110.20703125
6,ARFR,ailerons,0.6790524529208266,0.06419403382427237,68.84887623786926,59.2578125
7,ARFR,ailerons,0.6339700203704837,0.06855449960271245,71.07809591293335,57.046875
8,ARFR,ailerons,0.6198293806057373,0.06986616601587044,78.64803218841553,60.6328125
9,ARFR,ailerons,0.5951746016256706,0.07209605681410705,74.00030016899109,58.1015625
1,ARFR,bike,0.7819457769147915,84.70478787670274,69.87304091453552,64.7109375
10,ARFR,bike,0.7582714743622375,89.18455706464601,59.03851771354675,56.3515625
2,ARFR,bike,0.7477923924305755,91.0971519315747,76.72156596183777,78.70703125
3,ARFR,bike,0.774801641312862,86.08120119528394,74.15556478500366,58.75390625
4,ARFR,bike,0.7477923924305755,91.0971519315747,55.456427812576294,99.78515625
5,ARFR,bike,0.7677773620413515,87.413394464548,56.68977475166321,63.2265625
6,ARFR,bike,0.7477923924305755,91.0971519315747,52.761051654815674,57.4296875
7,ARFR,bike,0.7477923924305755,91.0971519315747,58.40531373023987,61.59765625
8,ARFR,bike,0.7477923924305755,91.0971519315747,55.59170722961426,63.59375
9,ARFR,bike,0.7584353144673275,89.15432793890538,57.22769355773926,69.37109375
1,ARFR,cpu_activity,0.840370363783498,7.3656877173194175,75.95811104774475,49.72265625
10,ARFR,cpu_activity,0.7855711940556548,8.536858909265874,53.17398142814636,55.359375
2,ARFR,cpu_activity,0.7795872063175074,8.655156793188034,78.5446560382843,48.8359375
3,ARFR,cpu_activity,0.8265550985104151,7.677809091660289,69.4553713798523,43.67578125
4,ARFR,cpu_activity,0.7795872063175074,8.655156793188034,53.14299440383911,61.7109375
5,ARFR,cpu_activity,0.7918873700724371,8.410189062310153,49.11295437812805,79.59375
6,ARFR,cpu_activity,0.7904477029483538,8.439228638308206,50.868428230285645,55.96875
7,ARFR,cpu_activity,0.7304441339638045,9.571520500224949,51.10180449485779,68.25390625
8,ARFR,cpu_activity,0.8265550985104151,7.677809091660289,50.01578402519226,71.6796875
9,ARFR,cpu_activity,0.840370363783498,7.3656877173194175,51.58350491523743,57.57421875
1,ARFR,elevators,0.652538329071174,0.0039625455229770614,125.06279993057251,79.2421875
10,ARFR,elevators,0.6678115696211001,0.0038744767929549066,92.3591582775116,103.9296875
2,ARFR,elevators,0.6308095878417832,0.0040845669561072615,142.0448920726776,140.796875
3,ARFR,elevators,0.6308095878417832,0.0040845669561072615,131.45792531967163,138.9765625
4,ARFR,elevators,0.6471558485351224,0.003993119196326148,88.34911775588989,123.3984375
5,ARFR,elevators,0.652538329071174,0.0039625455229770614,84.4346866607666,111.99609375
6,ARFR,elevators,0.6665027387731197,0.003882102057861439,93.296062707901,106.1875
7,ARFR,elevators,0.6678115696211001,0.0038744767929549066,85.24231767654419,120.37109375
8,ARFR,elevators,0.6678115696211001,0.0038744767929549066,99.01795816421509,88.3203125
9,ARFR,elevators,0.6541389799025226,0.003953407862825855,105.85701656341553,103.98828125
1,ARFR,fried,0.816565897668457,2.1408154609680876,403.72552514076233,280.3671875
10,ARFR,fried,0.8388193827268606,2.0067607610849594,312.6812415122986,279.7109375
2,ARFR,fried,0.8272803142158307,2.077352097450875,393.8412699699402,277.359375
3,ARFR,fried,0.836778586330985,2.0194251500372187,398.76727414131165,280.70703125
4,ARFR,fried,0.8383286671261305,2.009813238637924,304.18349957466125,286.62890625
5,ARFR,fried,0.816565897668457,2.1408154609680876,291.22621607780457,294.7421875
6,ARFR,fried,0.816565897668457,2.1408154609680876,274.2791609764099,295.17578125
7,ARFR,fried,0.8269403943139619,2.07939525261886,279.20416140556335,300.42578125
8,ARFR,fried,0.8347624151423096,2.031859213022397,327.67526721954346,258.69140625
9,ARFR,fried,0.8272803142158307,2.077352097450875,289.2459816932678,259.140625
1,ARFR,hyperA,0.9384270733771295,1.85673290926571,7082.980119466782,916.15234375
10,ARFR,hyperA,0.9386697049950209,1.8530710174377751,6508.535215854645,1004.51171875
2,ARFR,hyperA,0.9384689203605725,1.8561018536889742,7030.583904981613,964.578125
3,ARFR,hyperA,0.9382089206831038,1.8600192005688025,6714.733765363693,914.1875
4,ARFR,hyperA,0.9384013020272381,1.8571214364169504,7041.874182939529,995.37109375
5,ARFR,hyperA,0.9384013020272381,1.8571214364169504,6699.190027475357,987.15625
6,ARFR,hyperA,0.9384013020272381,1.8571214364169504,6770.236802101135,976.38671875
7,ARFR,hyperA,0.9386697049950209,1.8530710174377751,7263.688291311264,1022.16015625
8,ARFR,hyperA,0.9387516042204214,1.8518333274773393,7244.8932230472565,921.09375
9,ARFR,hyperA,0.9382089206831038,1.8600192005688025,6621.345176935196,930.80078125
1,ARFR,kin8nm,0.4478834119635108,0.19601689886531182,60.18566966056824,47.84765625
10,ARFR,kin8nm,0.4711084783709405,0.19184983007887105,35.425541162490845,50.2734375
2,ARFR,kin8nm,0.46287371341614625,0.19333759849792684,48.768720626831055,60.9609375
3,ARFR,kin8nm,0.487135882861373,0.1889205814398662,48.216646671295166,60.76171875
4,ARFR,kin8nm,0.4478834119635108,0.19601689886531182,41.21694087982178,72.40234375
5,ARFR,kin8nm,0.4990098645221195,0.1867208018140144,36.164923429489136,56.83203125
6,ARFR,kin8nm,0.48951456182587894,0.18848196264110767,34.824548959732056,50.18359375
7,ARFR,kin8nm,0.48081135952445253,0.19008187497218101,37.07402062416077,60.4765625
8,ARFR,kin8nm,0.487135882861373,0.1889205814398662,40.08454084396362,53.1484375
9,ARFR,kin8nm,0.4478834119635108,0.19601689886531182,39.341909646987915,63.1875
1,ARFR,white_wine,0.3011839647784368,0.7442368310501702,27.508636713027954,26.71875
10,ARFR,white_wine,0.306611102119126,0.7413412562865542,20.104851007461548,26.34375
2,ARFR,white_wine,0.2927431318692928,0.7487180696702049,29.260732889175415,19.875
3,ARFR,white_wine,0.30824572722896215,0.7404669056331037,22.342429161071777,36.8984375
4,ARFR,white_wine,0.2927431318692928,0.7487180696702049,20.330194234848022,36.9375
5,ARFR,white_wine,0.30824572722896215,0.7404669056331037,19.13095736503601,34.265625
6,ARFR,white_wine,0.30824572722896215,0.7404669056331037,20.353089332580566,21.4453125
7,ARFR,white_wine,0.296131872380362,0.7469222173703843,20.124647617340088,28.8046875
8,ARFR,white_wine,0.30593500135294394,0.7417025969939888,20.14068078994751,27.4765625
9,ARFR,white_wine,0.30593500135294394,0.7417025969939888,19.527372121810913,33.890625
1,ASML-REG-best,FriedmanGra,0.7780603608292624,2.346722535504866,2330.9967279434204,45.8046875
10,ASML-REG-best,FriedmanGra,0.7737819371757466,2.3692339409715366,1795.7741208076477,53.34765625
2,ASML-REG-best,FriedmanGra,0.770827355938081,2.3846557544851517,2277.7793498039246,32.58203125
3,ASML-REG-best,FriedmanGra,0.7731758173353322,2.3724058341652765,2098.828090429306,53.03515625
4,ASML-REG-best,FriedmanGra,0.7714393425031073,2.3814696131384654,1715.317105770111,39.6640625
5,ASML-REG-best,FriedmanGra,0.7737819371757466,2.3692339409715366,1883.5518918037415,54.78125
6,ASML-REG-best,FriedmanGra,0.770827355938081,2.3846557544851517,1796.7717669010162,37.13671875
7,ASML-REG-best,FriedmanGra,0.770827355938081,2.3846557544851517,1801.7990844249725,48.07421875
8,ASML-REG-best,FriedmanGra,0.776224845953674,2.3564066432589486,1811.4039533138275,34.4296875
9,ASML-REG-best,FriedmanGra,0.7714393425031073,2.3814696131384654,1709.7889811992645,56.828125
1,ASML-REG-best,FriedmanGsg,0.7683191924076396,2.396497387591939,2240.4599599838257,42.0
10,ASML-REG-best,FriedmanGsg,0.7629422885066206,2.424147126157715,1615.1186950206757,58.5703125
2,ASML-REG-best,FriedmanGsg,0.7655315373773991,2.410871975370206,2051.7067625522614,49.734375
3,ASML-REG-best,FriedmanGsg,0.7684239656868411,2.3959554409229837,1853.8848032951355,65.44140625
4,ASML-REG-best,FriedmanGsg,0.766109833345666,2.407897037384652,1642.5880501270294,57.5703125
5,ASML-REG-best,FriedmanGsg,0.7623934480030455,2.426951719454512,1600.6627261638641,41.046875
6,ASML-REG-best,FriedmanGsg,0.7683191924076396,2.396497387591939,1590.3321495056152,47.265625
7,ASML-REG-best,FriedmanGsg,0.7684239656868411,2.3959554409229837,1739.6139504909515,65.203125
8,ASML-REG-best,FriedmanGsg,0.7684239656868411,2.3959554409229837,1828.8280658721924,50.90234375
9,ASML-REG-best,FriedmanGsg,0.7629422885066206,2.424147126157715,1683.931168794632,59.4375
1,ASML-REG-best,FriedmanLea,0.7456152496776847,2.726249712487833,2235.061558485031,47.54296875
10,ASML-REG-best,FriedmanLea,0.7456152496776847,2.726249712487833,1579.561019897461,51.3359375
2,ASML-REG-best,FriedmanLea,0.7466821919500304,2.72052647741104,2237.047816991806,38.1640625
3,ASML-REG-best,FriedmanLea,0.7462289764070269,2.722959061795879,1874.4846997261047,59.66015625
4,ASML-REG-best,FriedmanLea,0.7509211553348982,2.6976681073181754,1729.1770994663239,48.72265625
5,ASML-REG-best,FriedmanLea,0.7462289764070269,2.722959061795879,1735.4620516300201,51.32421875
6,ASML-REG-best,FriedmanLea,0.7471481645590026,2.7180231509780186,1809.3522515296936,40.2890625
7,ASML-REG-best,FriedmanLea,0.7462289764070269,2.722959061795879,1767.435476064682,52.8828125
8,ASML-REG-best,FriedmanLea,0.7471481645590026,2.7180231509780186,1833.3164291381836,44.1171875
9,ASML-REG-best,FriedmanLea,0.7466821919500304,2.72052647741104,1758.5187644958496,45.359375
1,ASML-REG-best,House8L,0.4225985332194788,40166.98837955602,320.12352561950684,48.05078125
10,ASML-REG-best,House8L,0.42997375473676547,39909.63494058318,392.17125487327576,49.109375
2,ASML-REG-best,House8L,0.4253935511393174,40069.65259898091,341.58648777008057,34.8046875
3,ASML-REG-best,House8L,0.4225985332194788,40166.98837955602,327.5479202270508,33.0546875
4,ASML-REG-best,House8L,0.4251152699757339,40079.35426508618,342.5753421783447,31.89453125
5,ASML-REG-best,House8L,0.42997375473676547,39909.63494058318,407.7215337753296,39.44140625
6,ASML-REG-best,House8L,0.4225985332194788,40166.98837955602,324.7762200832367,41.11328125
7,ASML-REG-best,House8L,0.430078617563468,39905.96385556179,363.08187341690063,42.20703125
8,ASML-REG-best,House8L,0.4253935511393174,40069.65259898091,340.6707627773285,40.2421875
9,ASML-REG-best,House8L,0.4251152699757339,40079.35426508618,313.9334330558777,47.234375
1,ASML-REG-best,MetroTraffic,0.4748486903602259,1440.0725526361132,465.2329785823822,28.453125
10,ASML-REG-best,MetroTraffic,0.4748486903602259,1440.0725526361132,450.5121078491211,26.03125
2,ASML-REG-best,MetroTraffic,0.4748486903602259,1440.0725526361132,433.493896484375,28.04296875
3,ASML-REG-best,MetroTraffic,0.4748486903602259,1440.0725526361132,388.818496465683,20.94921875
4,ASML-REG-best,MetroTraffic,0.4748486903602259,1440.0725526361132,442.7980978488922,11.80859375
5,ASML-REG-best,MetroTraffic,0.4748486903602259,1440.0725526361132,479.3241834640503,13.77734375
6,ASML-REG-best,MetroTraffic,0.4748486903602259,1440.0725526361132,461.63606452941895,28.1796875
7,ASML-REG-best,MetroTraffic,0.4748486903602259,1440.0725526361132,519.6927669048309,19.35546875
8,ASML-REG-best,MetroTraffic,0.4993113680959391,1406.1317414667526,392.6882538795471,12.546875
9,ASML-REG-best,MetroTraffic,0.4748486903602259,1440.0725526361132,445.27222323417664,22.7734375
1,ASML-REG-best,abalone,0.5409399537383578,2.25986553039602,104.6081964969635,7.9375
10,ASML-REG-best,abalone,0.5592893846656685,2.2142395595187865,103.51939129829407,18.96484375
2,ASML-REG-best,abalone,0.5592893846656685,2.2142395595187865,97.47833204269409,9.12890625
3,ASML-REG-best,abalone,0.5592893846656685,2.2142395595187865,100.82624554634094,17.0859375
4,ASML-REG-best,abalone,0.5566445913508982,2.2208736704041097,94.57446551322937,18.05859375
5,ASML-REG-best,abalone,0.5409399537383578,2.25986553039602,105.01618003845215,3.34765625
6,ASML-REG-best,abalone,0.5566445913508982,2.2208736704041097,89.00768518447876,22.734375
7,ASML-REG-best,abalone,0.5409399537383578,2.25986553039602,101.95291686058044,6.2890625
8,ASML-REG-best,abalone,0.5592893846656685,2.2142395595187865,103.73062801361084,12.46484375
9,ASML-REG-best,abalone,0.5592893846656685,2.2142395595187865,100.31601428985596,4.9921875
1,ASML-REG-best,ailerons,0.7632730839358387,0.05513170917301225,199.77203607559204,12.66796875
10,ASML-REG-best,ailerons,0.7572322220430661,0.05583071091722439,178.89387583732605,9.2890625
2,ASML-REG-best,ailerons,0.7632730839358387,0.05513170917301225,213.74582028388977,1.0859375
3,ASML-REG-best,ailerons,0.7572322220430661,0.05583071091722439,188.5336308479309,11.29296875
4,ASML-REG-best,ailerons,0.7767336894055459,0.05354133975406452,172.93208527565002,6.09375
5,ASML-REG-best,ailerons,0.7803099116664092,0.05311080304249454,202.85841035842896,23.234375
6,ASML-REG-best,ailerons,0.7632730839358387,0.05513170917301225,210.94684648513794,20.46484375
7,ASML-REG-best,ailerons,0.7572322220430661,0.05583071091722439,196.80327701568604,11.8125
8,ASML-REG-best,ailerons,0.7572322220430661,0.05583071091722439,191.97422647476196,13.31640625
9,ASML-REG-best,ailerons,0.7572322220430661,0.05583071091722439,189.62141060829163,13.24609375
1,ASML-REG-best,bike,0.7449900401096934,91.60185734072748,117.24007153511047,16.390625
10,ASML-REG-best,bike,0.7452139390308683,91.56163526298245,143.3834035396576,5.87890625
2,ASML-REG-best,bike,0.7452139390308683,91.56163526298245,146.3150599002838,9.0078125
3,ASML-REG-best,bike,0.742491182823366,92.04956916434526,155.69023871421814,18.9765625
4,ASML-REG-best,bike,0.7452139390308683,91.56163526298245,134.84101223945618,13.953125
5,ASML-REG-best,bike,0.742491182823366,92.04956916434526,145.96216893196106,11.37109375
6,ASML-REG-best,bike,0.7686835997463002,87.2426644459536,121.97205114364624,9.87890625
7,ASML-REG-best,bike,0.742491182823366,92.04956916434526,151.77478790283203,26.97265625
8,ASML-REG-best,bike,0.7449900401096934,91.60185734072748,119.8225953578949,13.5625
9,ASML-REG-best,bike,0.7686835997463002,87.2426644459536,106.58766913414001,12.76953125
1,ASML-REG-best,cpu_activity,0.8790837173697097,6.410603756763243,101.63116121292114,4.24609375
10,ASML-REG-best,cpu_activity,0.9133983997292647,5.425246791606538,91.09247541427612,13.47265625
2,ASML-REG-best,cpu_activity,0.9070040517679496,5.621970387396248,91.40036487579346,6.77734375
3,ASML-REG-best,cpu_activity,0.9070040517679496,5.621970387396248,95.37193655967712,15.5546875
4,ASML-REG-best,cpu_activity,0.9064480124543517,5.638752719047227,74.57947492599487,18.9453125
5,ASML-REG-best,cpu_activity,0.8860284021446642,6.223788971299799,76.21947431564331,11.8046875
6,ASML-REG-best,cpu_activity,0.9132424450569436,5.43012956518454,101.87656807899475,15.5234375
7,ASML-REG-best,cpu_activity,0.8860284021446642,6.223788971299799,77.04243588447571,17.84375
8,ASML-REG-best,cpu_activity,0.8774652349198359,6.453364585366929,83.70149064064026,17.92578125
9,ASML-REG-best,cpu_activity,0.8860284021446642,6.223788971299799,77.32442927360535,9.4296875
1,ASML-REG-best,elevators,0.7922496084060595,0.0030640210047748395,263.4228096008301,27.00390625
10,ASML-REG-best,elevators,0.7922496084060595,0.0030640210047748395,254.3334882259369,18.76953125
2,ASML-REG-best,elevators,0.7868477166706461,0.003103600457977343,271.9202370643616,25.0859375
3,ASML-REG-best,elevators,0.7922496084060595,0.0030640210047748395,258.6921615600586,15.28515625
4,ASML-REG-best,elevators,0.7922496084060595,0.0030640210047748395,266.79856538772583,14.0078125
5,ASML-REG-best,elevators,0.7922496084060595,0.0030640210047748395,287.0866780281067,18.7265625
6,ASML-REG-best,elevators,0.7922496084060595,0.0030640210047748395,292.3678538799286,9.27734375
7,ASML-REG-best,elevators,0.7868477166706461,0.003103600457977343,250.19037103652954,8.1171875
8,ASML-REG-best,elevators,0.7868477166706461,0.003103600457977343,260.87417340278625,16.5
9,ASML-REG-best,elevators,0.7922496084060595,0.0030640210047748395,263.3638801574707,19.48828125
1,ASML-REG-best,fried,0.775988484605735,2.365780050004337,773.2801842689514,52.640625
10,ASML-REG-best,fried,0.7735334744991614,2.378708375543382,667.9480321407318,48.92578125
2,ASML-REG-best,fried,0.7735334744991614,2.378708375543382,681.0346028804779,52.59375
3,ASML-REG-best,fried,0.7704798238881208,2.3946918019756422,798.4377512931824,53.33984375
4,ASML-REG-best,fried,0.7735334744991614,2.378708375543382,726.6578938961029,43.92578125
5,ASML-REG-best,fried,0.7735334744991614,2.378708375543382,727.8140003681183,48.5390625
6,ASML-REG-best,fried,0.775988484605735,2.365780050004337,773.859218120575,55.16015625
7,ASML-REG-best,fried,0.7711408144310434,2.39124110338568,698.6116788387299,44.6328125
8,ASML-REG-best,fried,0.7711408144310434,2.39124110338568,731.8819115161896,58.83984375
9,ASML-REG-best,fried,0.7735334744991614,2.378708375543382,744.6622850894928,44.87890625
1,ASML-REG-best,hyperA,0.9402321969368767,1.8293136834995323,9324.648240089417,58.19921875
10,ASML-REG-best,hyperA,0.9401632302383105,1.830368811386752,7737.514178991318,53.59375
2,ASML-REG-best,hyperA,0.9405472469303761,1.8244859440730699,9180.767241239548,50.203125
3,ASML-REG-best,hyperA,0.9401632302383105,1.830368811386752,8954.734733581543,46.31640625
4,ASML-REG-best,hyperA,0.9402321969368767,1.8293136834995323,9149.663890838623,58.046875
5,ASML-REG-best,hyperA,0.939747057338614,1.8367230143821274,9292.891169786453,66.4609375
6,ASML-REG-best,hyperA,0.9405472469303761,1.8244859440730699,8987.138393640518,64.98046875
7,ASML-REG-best,hyperA,0.9405472469303761,1.8244859440730699,9279.293164730072,60.23828125
8,ASML-REG-best,hyperA,0.9400508153633025,1.8320873544531062,8299.478982448578,58.171875
9,ASML-REG-best,hyperA,0.9402042595822516,1.8297411729814321,8422.171242952347,75.26953125
1,ASML-REG-best,kin8nm,0.6020331951417914,0.16641847595135453,59.58890700340271,3.5546875
10,ASML-REG-best,kin8nm,0.590812358660265,0.16874828604483086,62.54809784889221,13.93359375
2,ASML-REG-best,kin8nm,0.6085966695461653,0.16504044071697876,58.08012056350708,11.19921875
3,ASML-REG-best,kin8nm,0.6085966695461653,0.16504044071697876,61.16056227684021,8.49609375
4,ASML-REG-best,kin8nm,0.6020331951417914,0.16641847595135453,56.9786958694458,18.71484375
5,ASML-REG-best,kin8nm,0.5990208512209079,0.16704712714344866,65.33218669891357,13.1953125
6,ASML-REG-best,kin8nm,0.6085966695461653,0.16504044071697876,55.61887526512146,7.08203125
7,ASML-REG-best,kin8nm,0.6020331951417914,0.16641847595135453,55.39318919181824,3.07421875
8,ASML-REG-best,kin8nm,0.5990208512209079,0.16704712714344866,58.87757229804993,3.625
9,ASML-REG-best,kin8nm,0.6020331951417914,0.16641847595135453,51.87907385826111,5.3828125
1,ASML-REG-best,white_wine,0.24211529444191604,0.7750528172961073,53.09579133987427,0.7421875
10,ASML-REG-best,white_wine,0.28037933417065475,0.7552340137168299,34.72239017486572,0.3125
2,ASML-REG-best,white_wine,0.2879230502789908,0.751265061022447,51.57118201255798,8.08984375
3,ASML-REG-best,white_wine,0.14507774247725824,0.8231766441151984,39.63587975502014,16.43359375
4,ASML-REG-best,white_wine,0.2152480179872297,0.7886711209950971,33.87507748603821,11.41015625
5,ASML-REG-best,white_wine,0.2569018959360674,0.7674547959741382,38.9978084564209,3.13671875
6,ASML-REG-best,white_wine,0.14507774247725824,0.8231766441151984,39.0323600769043,1.66796875
7,ASML-REG-best,white_wine,0.2133820332597678,0.789608216100948,35.25207161903381,3.734375
8,ASML-REG-best,white_wine,0.14507774247725824,0.8231766441151984,38.67936301231384,11.9921875
9,ASML-REG-best,white_wine,0.28672467402696755,0.7518969588404801,40.09972357749939,1.7109375
1,ASML-REG,FriedmanGra,0.8343000138022434,2.027708595642001,3300.686518907547,434.5
10,ASML-REG,FriedmanGra,0.8442611998439308,1.9658153336145427,2923.3418929576874,430.8125
2,ASML-REG,FriedmanGra,0.8424238762922893,1.9773771555437525,4004.47852063179,771.9296875
3,ASML-REG,FriedmanGra,0.8442611998439308,1.9658153336145427,3486.2608213424683,433.33203125
4,ASML-REG,FriedmanGra,0.8374570281074336,2.0082991482351584,3333.535962343216,796.46875
5,ASML-REG,FriedmanGra,0.8424238762922893,1.9773771555437525,3523.6827878952026,743.48046875
6,ASML-REG,FriedmanGra,0.844009259028851,1.9674047544199984,3306.0599858760834,721.12109375
7,ASML-REG,FriedmanGra,0.8409036746315274,1.9868925461670168,3224.557449579239,511.1484375
8,ASML-REG,FriedmanGra,0.8442611998439308,1.9658153336145427,3110.6325068473816,436.640625
9,ASML-REG,FriedmanGra,0.8396064524604252,1.9949763546814963,2889.367756128311,424.97265625
1,ASML-REG,FriedmanGsg,0.8358322013063824,2.0173252206908634,4178.96613907814,521.2109375
10,ASML-REG,FriedmanGsg,0.8407209218622547,1.9870614478949333,2879.0907711982727,650.58984375
2,ASML-REG,FriedmanGsg,0.8441637702265755,1.9654687674277393,3770.526540994644,733.79296875
3,ASML-REG,FriedmanGsg,0.8385786444430574,2.00037964051645,3472.209807395935,821.46484375
4,ASML-REG,FriedmanGsg,0.8358322013063824,2.0173252206908634,3447.7494266033173,541.08203125
5,ASML-REG,FriedmanGsg,0.8430971990981595,1.9721833086555869,3158.114541530609,537.48046875
6,ASML-REG,FriedmanGsg,0.8441637702265755,1.9654687674277393,3538.9113578796387,745.9296875
7,ASML-REG,FriedmanGsg,0.8390219575176168,1.9976309207567478,3408.6534371376038,518.5234375
8,ASML-REG,FriedmanGsg,0.8440266608117808,1.966333216676336,4450.55509352684,562.15234375
9,ASML-REG,FriedmanGsg,0.8390219575176168,1.9976309207567478,3304.9135620594025,538.24609375
1,ASML-REG,FriedmanLea,0.8395424969558354,2.1652104333293107,5651.707800388336,971.37890625
10,ASML-REG,FriedmanLea,0.8499577450804872,2.0937599462633543,3057.9078335762024,781.8828125
2,ASML-REG,FriedmanLea,0.8428328068755365,2.142895756593771,3555.0950829982758,799.71875
3,ASML-REG,FriedmanLea,0.8349344742681274,2.1960806535322894,3872.710426568985,613.984375
4,ASML-REG,FriedmanLea,0.8411289334674134,2.154480173284702,3139.4950299263,828.4140625
5,ASML-REG,FriedmanLea,0.8411289334674134,2.154480173284702,3251.9744226932526,815.828125
6,ASML-REG,FriedmanLea,0.837336236909689,2.180045228653892,3651.727703809738,938.3125
7,ASML-REG,FriedmanLea,0.8337033746075289,2.2042548977532164,2908.989844083786,459.2109375
8,ASML-REG,FriedmanLea,0.8417940272666723,2.149965712975846,3031.17125415802,768.6640625
9,ASML-REG,FriedmanLea,0.8428328068755365,2.142895756593771,2947.745428800583,789.84765625
1,ASML-REG,House8L,0.5304781831759562,36220.81497151808,535.6470193862915,284.57421875
10,ASML-REG,House8L,0.538758211349615,35900.016902419375,520.4070920944214,178.37109375
2,ASML-REG,House8L,0.538758211349615,35900.016902419375,502.991525888443,176.78515625
3,ASML-REG,House8L,0.5304781831759562,36220.81497151808,533.600884437561,281.16015625
4,ASML-REG,House8L,0.5304781831759562,36220.81497151808,541.3812673091888,274.5078125
5,ASML-REG,House8L,0.5311048400971194,36196.63547417338,533.650820016861,244.34375
6,ASML-REG,House8L,0.5304781831759562,36220.81497151808,535.016839504242,284.234375
7,ASML-REG,House8L,0.538758211349615,35900.016902419375,507.02682161331177,179.109375
8,ASML-REG,House8L,0.5311048400971194,36196.63547417338,523.1203320026398,245.8046875
9,ASML-REG,House8L,0.538758211349615,35900.016902419375,514.1023831367493,172.48046875
1,ASML-REG-med,FriedmanGra,0.8424014665951653,1.9775177569456386,4089.7278089523315,778.2421875
10,ASML-REG-med,FriedmanGra,0.8392929582796785,1.9969250246506671,2856.6810507774353,444.4375
2,ASML-REG-med,FriedmanGra,0.8392929582796785,1.9969250246506671,3531.003510951996,426.8828125
3,ASML-REG-med,FriedmanGra,0.8407693720265873,1.9877309959330678,3540.9934628009796,559.234375
4,ASML-REG-med,FriedmanGra,0.8407693720265873,1.9877309959330678,3128.310523748398,560.02734375
5,ASML-REG-med,FriedmanGra,0.843697999657553,1.9693666272518242,3289.474219560623,718.73046875
6,ASML-REG-med,FriedmanGra,0.8342227036202446,2.028181571661394,3539.775850534439,595.55859375
7,ASML-REG-med,FriedmanGra,0.8392929582796785,1.9969250246506671,3110.5191762447357,432.375
8,ASML-REG-med,FriedmanGra,0.8309647581907673,2.0480140686755806,2696.2061624526978,397.765625
9,ASML-REG-med,FriedmanGra,0.8384635949238227,2.0020711749191342,3071.71111369133,530.28125
1,ASML-REG-med,FriedmanGsg,0.8397709521832749,1.9929782385366113,5292.639835119247,878.64453125
10,ASML-REG-med,FriedmanGsg,0.831411505069435,2.0443059726587505,4191.272694349289,579.0625
2,ASML-REG-med,FriedmanGsg,0.8397709521832749,1.9929782385366113,5113.337372541428,876.09375
3,ASML-REG-med,FriedmanGsg,0.8372679143783057,2.0084846917310166,4940.596165895462,761.44140625
4,ASML-REG-med,FriedmanGsg,0.8422709500368226,1.9773692421601947,4530.351442575455,546.703125
5,ASML-REG-med,FriedmanGsg,0.8386630956119325,1.9998563005299885,4339.623923063278,513.015625
6,ASML-REG-med,FriedmanGsg,0.8397709521832749,1.9929782385366113,4880.921696424484,875.8359375
7,ASML-REG-med,FriedmanGsg,0.8372679143783057,2.0084846917310166,4716.330451965332,774.4375
8,ASML-REG-med,FriedmanGsg,0.840382625401249,1.9891705111453788,3943.049038171768,476.8984375
9,ASML-REG-med,FriedmanGsg,0.8351109890572848,2.021751561467654,4667.350002527237,753.890625
1,ASML-REG-med,FriedmanLea,0.8430007467240769,2.1417505628380673,3726.2487077713013,831.90625
10,ASML-REG-med,FriedmanLea,0.8437424592016468,2.136685431181002,2836.11296749115,780.94921875
2,ASML-REG-med,FriedmanLea,0.8484485939082845,2.1042633025754376,3958.40407705307,1023.5703125
3,ASML-REG-med,FriedmanLea,0.8484485939082845,2.1042633025754376,3504.135478258133,1008.37109375
4,ASML-REG-med,FriedmanLea,0.8514674459249516,2.0831997788604477,3262.080811738968,803.1796875
5,ASML-REG-med,FriedmanLea,0.8327380491415297,2.210643314813085,2803.868716478348,468.26953125
6,ASML-REG-med,FriedmanLea,0.8514674459249516,2.0831997788604477,3337.6949768066406,803.5390625
7,ASML-REG-med,FriedmanLea,0.8430007467240769,2.1417505628380673,3302.143993616104,843.22265625
8,ASML-REG-med,FriedmanLea,0.8437424592016468,2.136685431181002,3139.435832262039,787.6484375
9,ASML-REG-med,FriedmanLea,0.8389785301362778,2.1690121743854447,3382.7467052936554,935.234375
1,ASML-REG-med,House8L,0.5132960368015301,36877.61029482655,991.7160081863403,343.421875
10,ASML-REG-med,House8L,0.5056661123184294,37165.54629858157,813.0312013626099,249.08984375
2,ASML-REG-med,House8L,0.5028792484053519,37270.16157276993,652.9638884067535,90.9765625
3,ASML-REG-med,House8L,0.4850241220034396,37933.5748649637,747.7510795593262,144.37109375
4,ASML-REG-med,House8L,0.4850241220034396,37933.5748649637,695.285763502121,146.00390625
5,ASML-REG-med,House8L,0.5017181149148289,37313.66246487643,753.7488467693329,151.37890625
6,ASML-REG-med,House8L,0.5017181149148289,37313.66246487643,771.3232424259186,138.6171875
7,ASML-REG-med,House8L,0.5132960368015301,36877.61029482655,806.490790605545,325.17578125
8,ASML-REG-med,House8L,0.4879855380031647,37824.3473578417,694.2105467319489,165.34765625
9,ASML-REG-med,House8L,0.5190344563764555,36659.56535526308,843.8166680335999,247.4296875
1,ASML-REG-med,MetroTraffic,0.3845970644715029,1558.9131779055042,924.9177935123444,42.890625
10,ASML-REG-med,MetroTraffic,0.4184939669540726,1515.37200182566,899.111168384552,36.265625
2,ASML-REG-med,MetroTraffic,0.3845970644715029,1558.9131779055042,987.1787550449371,25.06640625
3,ASML-REG-med,MetroTraffic,0.39412783123842077,1546.794603193708,1023.2375905513763,48.1796875
4,ASML-REG-med,MetroTraffic,0.4872587368437459,1422.9553766193637,1188.4610731601715,82.43359375
5,ASML-REG-med,MetroTraffic,0.3845970644715029,1558.9131779055042,916.619419336319,30.52734375
6,ASML-REG-med,MetroTraffic,0.4872587368437459,1422.9553766193637,1236.2802217006683,73.609375
7,ASML-REG-med,MetroTraffic,0.5671204192087717,1307.451828197214,1293.778474330902,117.2734375
8,ASML-REG-med,MetroTraffic,0.5671204192087717,1307.451828197214,1279.295509338379,120.9765625
9,ASML-REG-med,MetroTraffic,0.41529001166767754,1519.5409308680605,985.9856991767883,49.2890625
1,ASML-REG-med,abalone,0.6094543519926983,2.084412894950698,164.83568000793457,22.66796875
10,ASML-REG-med,abalone,0.6094543519926983,2.084412894950698,164.32758975028992,9.86328125
2,ASML-REG-med,abalone,0.6094543519926983,2.084412894950698,165.91111302375793,13.8984375
3,ASML-REG-med,abalone,0.6099831343661113,2.083001313309027,131.07792353630066,30.92578125
4,ASML-REG-med,abalone,0.6094543519926983,2.084412894950698,165.6425120830536,13.1328125
5,ASML-REG-med,abalone,0.6099831343661113,2.083001313309027,129.76854348182678,13.6875
6,ASML-REG-med,abalone,0.6145914022291926,2.07065883264658,165.62942361831665,14.6953125
7,ASML-REG-med,abalone,0.6094543519926983,2.084412894950698,165.45159244537354,13.62109375
8,ASML-REG-med,abalone,0.6183832521832562,2.0604475460640064,156.28750133514404,12.62890625
9,ASML-REG-med,abalone,0.6099831343661113,2.083001313309027,128.73082208633423,19.48828125
1,ASML-REG-med,ailerons,0.7992681890565088,0.05076749534500829,332.51643443107605,39.37109375
10,ASML-REG-med,ailerons,0.7992681890565088,0.05076749534500829,308.0915193557739,30.44921875
2,ASML-REG-med,ailerons,0.8100198754996822,0.0493891691494735,308.813205242157,23.2890625
3,ASML-REG-med,ailerons,0.8050288642831911,0.05003372037374433,313.951673746109,27.23046875
4,ASML-REG-med,ailerons,0.8100198754996822,0.0493891691494735,290.79243636131287,17.13671875
5,ASML-REG-med,ailerons,0.7992681890565088,0.05076749534500829,319.5180404186249,21.2890625
6,ASML-REG-med,ailerons,0.8050288642831911,0.05003372037374433,301.4439916610718,27.13671875
7,ASML-REG-med,ailerons,0.8050288642831911,0.05003372037374433,319.3503966331482,29.203125
8,ASML-REG-med,ailerons,0.8100198754996822,0.0493891691494735,307.7673602104187,31.5625
9,ASML-REG-med,ailerons,0.8050288642831911,0.05003372037374433,269.10286235809326,40.98046875
1,ASML-REG-med,bike,0.8427971819040073,71.92102557852861,266.5421597957611,20.0
10,ASML-REG-med,bike,0.8052176900654288,80.0572124387018,277.66351771354675,36.49609375
2,ASML-REG-med,bike,0.788688924225289,83.38478986374837,376.35154390335083,42.48828125
3,ASML-REG-med,bike,0.8198382976340519,76.99401132072295,382.79725527763367,52.12890625
4,ASML-REG-med,bike,0.8353843055885094,73.59720599363675,328.3718886375427,45.03125
5,ASML-REG-med,bike,0.7790459151635236,85.26616408549326,322.05947971343994,27.98828125
6,ASML-REG-med,bike,0.8361679155119076,73.42182691596234,300.62413716316223,34.0234375
7,ASML-REG-med,bike,0.8427971819040073,71.92102557852861,235.92363452911377,18.8828125
8,ASML-REG-med,bike,0.8198382976340519,76.99401132072295,358.0136821269989,60.07421875
9,ASML-REG-med,bike,0.8052176900654288,80.0572124387018,279.72043633461,35.91015625
1,ASML-REG-med,cpu_activity,0.8534929849628685,7.05644157725285,209.84762454032898,24.609375
10,ASML-REG-med,cpu_activity,0.902184819581362,5.7658012815713855,113.15397381782532,6.5078125
2,ASML-REG-med,cpu_activity,0.8640935702384883,6.796362611800091,174.52580857276917,12.2734375
3,ASML-REG-med,cpu_activity,0.8640935702384883,6.796362611800091,156.57988286018372,17.59765625
4,ASML-REG-med,cpu_activity,0.8839593046017006,6.280029756630187,141.55972743034363,17.703125
5,ASML-REG-med,cpu_activity,0.8415064858260793,7.339429237290606,139.7258939743042,14.6015625
6,ASML-REG-med,cpu_activity,0.902184819581362,5.7658012815713855,110.99698376655579,15.8984375
7,ASML-REG-med,cpu_activity,0.8415064858260793,7.339429237290606,142.08385634422302,6.7421875
8,ASML-REG-med,cpu_activity,0.8640935702384883,6.796362611800091,117.68844890594482,1.26171875
9,ASML-REG-med,cpu_activity,0.8324709729333335,7.545735421795319,120.55928754806519,1.5
1,ASML-REG-med,elevators,0.8438633977279703,0.002656275856104957,391.6656277179718,35.4296875
10,ASML-REG-med,elevators,0.8438633977279703,0.002656275856104957,369.7092640399933,28.92578125
2,ASML-REG-med,elevators,0.7885882637091164,0.0030909028797048996,358.1752882003784,39.61328125
3,ASML-REG-med,elevators,0.7862689636512823,0.003107811063849003,311.9606430530548,21.9296875
4,ASML-REG-med,elevators,0.7862689636512823,0.003107811063849003,302.3357446193695,21.47265625
5,ASML-REG-med,elevators,0.7862689636512823,0.003107811063849003,311.36393308639526,25.37109375
6,ASML-REG-med,elevators,0.7862689636512823,0.003107811063849003,293.72785544395447,17.9453125
7,ASML-REG-med,elevators,0.7862689636512823,0.003107811063849003,301.7089273929596,13.15625
8,ASML-REG-med,elevators,0.8438633977279703,0.002656275856104957,329.067729473114,41.2421875
9,ASML-REG-med,elevators,0.8438633977279703,0.002656275856104957,372.14881920814514,42.265625
1,ASML-REG-med,fried,0.8453971204568185,1.965386562771919,1691.0176231861115,327.49609375
10,ASML-REG-med,fried,0.8459481212958345,1.961881142125328,1769.048995733261,619.7109375
2,ASML-REG-med,fried,0.835084383667063,2.0298786899398333,1615.34495139122,221.421875
3,ASML-REG-med,fried,0.8504920461441415,1.93273068645878,1829.191550731659,340.09375
4,ASML-REG-med,fried,0.8561165741612101,1.896027264281874,1871.8051257133484,540.45703125
5,ASML-REG-med,fried,0.8428171099698407,1.9817178809189182,2058.492120742798,492.265625
6,ASML-REG-med,fried,0.8453971204568185,1.965386562771919,1514.3885741233826,329.05078125
7,ASML-REG-med,fried,0.8533826051820641,1.9139559685865235,1583.645506620407,398.3828125
8,ASML-REG-med,fried,0.8262932755132443,2.083279348487634,1890.877031326294,316.8671875
9,ASML-REG-med,fried,0.8459481212958345,1.961881142125328,1884.281790971756,620.1640625
1,ASML-REG-med,hyperA,0.9455421558685808,1.746162909440204,14775.848051548004,1892.890625
10,ASML-REG-med,hyperA,0.9454327943362401,1.7479153408695418,15950.977354049683,2094.9140625
2,ASML-REG-med,hyperA,0.9454327943362401,1.7479153408695418,15482.754362344742,2100.60546875
3,ASML-REG-med,hyperA,0.9460209310025739,1.7384701241588916,13589.72700047493,1571.94921875
4,ASML-REG-med,hyperA,0.945799165180711,1.74203760037079,13975.735367298126,1764.765625
5,ASML-REG-med,hyperA,0.9458650164556353,1.7409790349273997,14989.453132390976,2153.92578125
6,ASML-REG-med,hyperA,0.9454327943362401,1.7479153408695418,15235.233620643616,2093.26171875
7,ASML-REG-med,hyperA,0.9453660133832137,1.7489845889560702,15023.704020738602,1550.0234375
8,ASML-REG-med,hyperA,0.9456263130790685,1.7448131588262838,15122.163365602493,2040.265625
9,ASML-REG-med,hyperA,0.9456263130790685,1.7448131588262838,15059.359397411346,2023.67578125
1,ASML-REG-med,kin8nm,0.5950229184727915,0.1678778271428349,91.29584550857544,9.72265625
10,ASML-REG-med,kin8nm,0.6219861226675301,0.16219295567278227,97.12463617324829,22.84375
2,ASML-REG-med,kin8nm,0.6052581747008041,0.16574280664589086,83.86998677253723,16.4296875
3,ASML-REG-med,kin8nm,0.5950229184727915,0.1678778271428349,91.3890450000763,4.0625
4,ASML-REG-med,kin8nm,0.5950229184727915,0.1678778271428349,93.46837949752808,8.09375
5,ASML-REG-med,kin8nm,0.6219861226675301,0.16219295567278227,99.28861498832703,14.6328125
6,ASML-REG-med,kin8nm,0.6219861226675301,0.16219295567278227,100.22425198554993,17.66015625
7,ASML-REG-med,kin8nm,0.5944754448330116,0.1679912627522057,99.06273651123047,2.671875
8,ASML-REG-med,kin8nm,0.5944754448330116,0.1679912627522057,100.29415130615234,12.046875
9,ASML-REG-med,kin8nm,0.6052581747008041,0.16574280664589086,87.30215573310852,13.59765625
1,ASML-REG-med,white_wine,0.3053348028843361,0.7420232244312535,74.38267874717712,1.0234375
10,ASML-REG-med,white_wine,0.34957785492456206,0.7180048659474829,50.24641299247742,1.19140625
2,ASML-REG-med,white_wine,0.2944943562237926,0.7477905523662502,89.57829213142395,11.6171875
3,ASML-REG-med,white_wine,0.31749735649099087,0.7354986784605783,79.63262891769409,31.25
4,ASML-REG-med,white_wine,0.2944943562237926,0.7477905523662502,58.780030250549316,16.53515625
5,ASML-REG-med,white_wine,0.3495088766601452,0.7180429376958422,88.34157848358154,48.109375
6,ASML-REG-med,white_wine,0.34957785492456206,0.7180048659474829,48.666364431381226,11.1328125
7,ASML-REG-med,white_wine,0.31749735649099087,0.7354986784605783,73.47793745994568,26.234375
8,ASML-REG-med,white_wine,0.34957785492456206,0.7180048659474829,50.372599601745605,3.4453125
9,ASML-REG-med,white_wine,0.3440628710202418,0.7210424522824089,96.76337504386902,39.0234375
1,ASML-REG,MetroTraffic,0.419459173777431,1514.1138421873777,801.510767698288,41.52734375
10,ASML-REG,MetroTraffic,0.42834939406059747,1502.4757824483816,610.3672170639038,33.45703125
2,ASML-REG,MetroTraffic,0.42834939406059747,1502.4757824483816,812.4357483386993,44.6328125
3,ASML-REG,MetroTraffic,0.42710205346786057,1504.1140889657224,652.9122257232666,30.85546875
4,ASML-REG,MetroTraffic,0.5017856936744528,1402.652995777571,865.9992036819458,113.08984375
5,ASML-REG,MetroTraffic,0.43423119562382106,1494.7261937895105,587.1427612304688,49.6875
6,ASML-REG,MetroTraffic,0.4156793490712706,1519.0349427295464,590.2299897670746,55.30078125
7,ASML-REG,MetroTraffic,0.5798636596591529,1288.0634905476234,802.2468588352203,126.515625
8,ASML-REG,MetroTraffic,0.419459173777431,1514.1138421873777,635.8382635116577,39.796875
9,ASML-REG,MetroTraffic,0.42834939406059747,1502.4757824483816,648.5129137039185,48.15234375
1,ASML-REG,abalone,0.6282256316876946,2.0337032003818876,170.33182072639465,23.0
10,ASML-REG,abalone,0.6089459808041138,2.085769088335004,193.5777657032013,13.859375
2,ASML-REG,abalone,0.6089459808041138,2.085769088335004,234.4526846408844,15.91796875
3,ASML-REG,abalone,0.6089459808041138,2.085769088335004,213.62506246566772,22.10546875
4,ASML-REG,abalone,0.6298032119735284,2.0293837244684174,144.22001218795776,15.90625
5,ASML-REG,abalone,0.6179346642484271,2.061658211541332,150.037113904953,9.97265625
6,ASML-REG,abalone,0.6100929559341401,2.082708025253557,133.02936553955078,26.0625
7,ASML-REG,abalone,0.6298032119735284,2.0293837244684174,147.02739429473877,15.1484375
8,ASML-REG,abalone,0.6100929559341401,2.082708025253557,149.5634641647339,29.00390625
9,ASML-REG,abalone,0.6089459808041138,2.085769088335004,185.13374710083008,14.39453125
1,ASML-REG,ailerons,0.7364167498012713,0.0581750199331427,219.93803787231445,22.12109375
10,ASML-REG,ailerons,0.8052241692527202,0.05000865440035046,225.85785388946533,24.390625
2,ASML-REG,ailerons,0.7364167498012713,0.0581750199331427,214.0348961353302,16.72265625
3,ASML-REG,ailerons,0.8052241692527202,0.05000865440035046,232.72308373451233,30.50390625
4,ASML-REG,ailerons,0.8052241692527202,0.05000865440035046,265.15287017822266,28.1484375
5,ASML-REG,ailerons,0.8052241692527202,0.05000865440035046,235.69490504264832,25.4296875
6,ASML-REG,ailerons,0.8052241692527202,0.05000865440035046,234.16245985031128,32.359375
7,ASML-REG,ailerons,0.8052241692527202,0.05000865440035046,233.08411979675293,32.6484375
8,ASML-REG,ailerons,0.8052241692527202,0.05000865440035046,233.47889852523804,35.953125
9,ASML-REG,ailerons,0.8052241692527202,0.05000865440035046,233.67572450637817,25.66015625
1,ASML-REG,bike,0.8584886243627775,68.23722931203335,280.2723431587219,39.25390625
10,ASML-REG,bike,0.8233428092133629,76.24148875842373,173.31387853622437,10.40234375
2,ASML-REG,bike,0.8384750315121663,72.90302358197823,245.09041118621826,28.8984375
3,ASML-REG,bike,0.8233428092133629,76.24148875842373,201.78574776649475,32.93359375
4,ASML-REG,bike,0.8371760067547797,73.19558884039441,260.2932138442993,58.42578125
5,ASML-REG,bike,0.8117541486680926,78.70247952048959,161.08954071998596,33.5703125
6,ASML-REG,bike,0.8461732104596557,71.1445597428135,173.91820096969604,20.49609375
7,ASML-REG,bike,0.8519979480172649,69.7845972700427,215.58484435081482,24.12109375
8,ASML-REG,bike,0.8519979480172649,69.7845972700427,204.81432700157166,15.29296875
9,ASML-REG,bike,0.8371760067547797,73.19558884039441,289.29313349723816,51.56640625
1,ASML-REG,cpu_activity,0.901562198393888,5.784122647628911,101.92181086540222,19.375
10,ASML-REG,cpu_activity,0.9086735433345262,5.571278184841548,123.52003335952759,14.80078125
2,ASML-REG,cpu_activity,0.8948915065394691,5.976892515555606,121.413161277771,27.88671875
3,ASML-REG,cpu_activity,0.8952736239015928,5.966018256779104,129.70392060279846,10.56640625
4,ASML-REG,cpu_activity,0.9037932389536182,5.718199945199442,100.34033346176147,3.19921875
5,ASML-REG,cpu_activity,0.9125425391687143,5.451989017343277,125.56687259674072,7.71484375
6,ASML-REG,cpu_activity,0.8952736239015928,5.966018256779104,130.83376502990723,14.234375
7,ASML-REG,cpu_activity,0.8952736239015928,5.966018256779104,129.19327521324158,19.34375
8,ASML-REG,cpu_activity,0.89766567056346,5.89749001486202,136.42487120628357,17.13671875
9,ASML-REG,cpu_activity,0.8952736239015928,5.966018256779104,129.92756915092468,15.4765625
1,ASML-REG,elevators,0.7919565703548157,0.0030661811892652956,286.3157606124878,36.66796875
10,ASML-REG,elevators,0.7906846903575877,0.0030755395051466575,233.58443450927734,19.67578125
2,ASML-REG,elevators,0.7906846903575877,0.0030755395051466575,230.94011688232422,26.09765625
3,ASML-REG,elevators,0.7919565703548157,0.0030661811892652956,273.22711730003357,33.90234375
4,ASML-REG,elevators,0.7919565703548157,0.0030661811892652956,273.2561264038086,30.39453125
5,ASML-REG,elevators,0.7906846903575877,0.0030755395051466575,236.01526641845703,34.1640625
6,ASML-REG,elevators,0.7919565703548157,0.0030661811892652956,281.8355002403259,35.76171875
7,ASML-REG,elevators,0.7919565703548157,0.0030661811892652956,279.6682479381561,39.76953125
8,ASML-REG,elevators,0.7919565703548157,0.0030661811892652956,283.0808687210083,35.75
9,ASML-REG,elevators,0.7919565703548157,0.0030661811892652956,284.07323956489563,38.58203125
1,ASML-REG,fried,0.847625159232968,1.9511732153505743,1709.747439622879,430.95703125
10,ASML-REG,fried,0.8461425938698993,1.960642427722898,1160.133980512619,371.21875
2,ASML-REG,fried,0.8438916227649067,1.9749326867440147,1303.6193146705627,340.81640625
3,ASML-REG,fried,0.8438916227649067,1.9749326867440147,1181.0041842460632,346.9921875
4,ASML-REG,fried,0.8438916227649067,1.9749326867440147,1002.5863873958588,337.76171875
5,ASML-REG,fried,0.847625159232968,1.9511732153505743,1242.5430119037628,445.81640625
6,ASML-REG,fried,0.8446206907793379,1.9703155568093367,1061.2849259376526,481.68359375
7,ASML-REG,fried,0.847273167711933,1.953425556519837,1149.0192682743073,466.8046875
8,ASML-REG,fried,0.8414280311056902,1.9904551785124005,1546.2973408699036,678.46875
9,ASML-REG,fried,0.8509730988626798,1.9296188304893886,1214.5096142292023,469.5
1,ASML-REG,hyperA,0.9459148185869295,1.7401780333274846,18693.086215496063,2083.35546875
10,ASML-REG,hyperA,0.9459148185869295,1.7401780333274846,16067.547308683395,2085.73046875
2,ASML-REG,hyperA,0.9456998323939715,1.7436331684113169,18841.68197274208,1962.296875
3,ASML-REG,hyperA,0.945779105451449,1.742359934612268,18100.22443127632,2107.6015625
4,ASML-REG,hyperA,0.9462287951530198,1.7351196201313641,17707.073323965073,1952.3046875
5,ASML-REG,hyperA,0.9462599792707956,1.734616413797194,17640.195920944214,1760.109375
6,ASML-REG,hyperA,0.9463059687562843,1.7338740323295974,16340.534853935242,1240.77734375
7,ASML-REG,hyperA,0.9461827345852687,1.7358626152652914,16990.06091284752,1783.32421875
8,ASML-REG,hyperA,0.9459148185869295,1.7401780333274846,17445.488858938217,2070.58984375
9,ASML-REG,hyperA,0.9462287951530198,1.7351196201313641,15478.327118635178,1943.75
1,ASML-REG,kin8nm,0.6231578427507063,0.16194138786955123,88.13444137573242,14.3046875
10,ASML-REG,kin8nm,0.6231578427507063,0.16194138786955123,89.85024857521057,17.90625
2,ASML-REG,kin8nm,0.6231578427507063,0.16194138786955123,86.56752634048462,12.18359375
3,ASML-REG,kin8nm,0.6231578427507063,0.16194138786955123,86.92606568336487,22.26953125
4,ASML-REG,kin8nm,0.6485589014143993,0.15638834735458187,105.20452499389648,11.83984375
5,ASML-REG,kin8nm,0.6117700041203546,0.1643700396702267,101.34320545196533,13.93359375
6,ASML-REG,kin8nm,0.6485589014143993,0.15638834735458187,103.38061022758484,2.24609375
7,ASML-REG,kin8nm,0.6231578427507063,0.16194138786955123,90.49249577522278,3.90234375
8,ASML-REG,kin8nm,0.6231578427507063,0.16194138786955123,87.3957576751709,23.4140625
9,ASML-REG,kin8nm,0.6485589014143993,0.15638834735458187,99.13862442970276,18.98046875
1,ASML-REG,white_wine,0.3271588265778078,0.7302742839708409,99.06949543952942,36.46484375
10,ASML-REG,white_wine,0.3259980920784178,0.7309039194082714,49.259143114089966,2.44140625
2,ASML-REG,white_wine,0.32127443607229933,0.7334606707947049,86.02065777778625,0.3515625
3,ASML-REG,white_wine,0.3736028309711048,0.7046194400397395,55.37274932861328,2.36328125
4,ASML-REG,white_wine,0.33421783449341025,0.7264334042063681,57.46952295303345,2.55859375
5,ASML-REG,white_wine,0.3590836051343108,0.712738827651353,53.22545075416565,6.40625
6,ASML-REG,white_wine,0.3569290883702485,0.7139358007646845,51.07703924179077,14.921875
7,ASML-REG,white_wine,0.33421783449341025,0.7264334042063681,57.380435943603516,14.98046875
8,ASML-REG,white_wine,0.3259980920784178,0.7309039194082714,49.67919373512268,0.53515625
9,ASML-REG,white_wine,0.3569290883702485,0.7139358007646845,52.53292274475098,11.22265625
1,CHACHA,FriedmanGra,0.663695685584863,2.888753771506904,167.5562710762024,58.72265625
10,CHACHA,FriedmanGra,0.663695685584863,2.888753771506904,117.15338683128357,69.20703125
2,CHACHA,FriedmanGra,0.663695685584863,2.888753771506904,181.23731112480164,45.3359375
3,CHACHA,FriedmanGra,0.663695685584863,2.888753771506904,158.38626670837402,57.40234375
4,CHACHA,FriedmanGra,0.663695685584863,2.888753771506904,119.97308468818665,59.5234375
5,CHACHA,FriedmanGra,0.663695685584863,2.888753771506904,114.74496054649353,58.078125
6,CHACHA,FriedmanGra,0.663695685584863,2.888753771506904,116.4471447467804,58.20703125
7,CHACHA,FriedmanGra,0.663695685584863,2.888753771506904,116.6824324131012,55.8125
8,CHACHA,FriedmanGra,0.663695685584863,2.888753771506904,117.61382985115051,43.0
9,CHACHA,FriedmanGra,0.663695685584863,2.888753771506904,119.85582709312439,59.359375
1,CHACHA,FriedmanGsg,0.6307904591343503,3.025299588712571,40.068405628204346,18.50390625
10,CHACHA,FriedmanGsg,0.6307904591343503,3.025299588712571,26.051784992218018,19.109375
2,CHACHA,FriedmanGsg,0.6307904591343503,3.025299588712571,35.622788190841675,19.671875
3,CHACHA,FriedmanGsg,0.6307904591343503,3.025299588712571,38.120654582977295,23.5078125
4,CHACHA,FriedmanGsg,0.6307904591343503,3.025299588712571,29.274483680725098,21.15234375
5,CHACHA,FriedmanGsg,0.6307904591343503,3.025299588712571,27.977944135665894,22.21484375
6,CHACHA,FriedmanGsg,0.6307904591343503,3.025299588712571,25.637260913848877,18.82421875
7,CHACHA,FriedmanGsg,0.6307904591343503,3.025299588712571,27.660115242004395,11.64453125
8,CHACHA,FriedmanGsg,0.6307904591343503,3.025299588712571,27.07411813735962,22.91015625
9,CHACHA,FriedmanGsg,0.6307904591343503,3.025299588712571,27.172896146774292,11.69140625
1,CHACHA,FriedmanLea,0.6545607802721806,3.176917363476162,124.32643437385559,37.171875
10,CHACHA,FriedmanLea,0.6545607802721806,3.176917363476162,84.63604760169983,31.30078125
2,CHACHA,FriedmanLea,0.6545607802721806,3.176917363476162,122.96979904174805,39.54296875
3,CHACHA,FriedmanLea,0.6545607802721806,3.176917363476162,120.60970377922058,43.02734375
4,CHACHA,FriedmanLea,0.6545607802721806,3.176917363476162,82.50280427932739,31.1015625
5,CHACHA,FriedmanLea,0.6545607802721806,3.176917363476162,81.67159223556519,41.5390625
6,CHACHA,FriedmanLea,0.6545607802721806,3.176917363476162,85.20831775665283,39.078125
7,CHACHA,FriedmanLea,0.6545607802721806,3.176917363476162,82.17586469650269,37.87109375
8,CHACHA,FriedmanLea,0.6545607802721806,3.176917363476162,86.00569248199463,27.421875
9,CHACHA,FriedmanLea,0.6545607802721806,3.176917363476162,84.93749189376831,38.71875
1,CHACHA,House8L,-0.8918350713825811,72706.28682163585,7.527306318283081,17.140625
10,CHACHA,House8L,-0.8918350713825811,72706.28682163585,6.019443035125732,13.25390625
2,CHACHA,House8L,-0.8918350713825811,72706.28682163585,9.392505407333374,12.63671875
3,CHACHA,House8L,-0.8918350713825811,72706.28682163585,6.477962970733643,15.04296875
4,CHACHA,House8L,-0.8918350713825811,72706.28682163585,5.726839780807495,11.33203125
5,CHACHA,House8L,-0.8918350713825811,72706.28682163585,5.878711223602295,12.66796875
6,CHACHA,House8L,-0.8918350713825811,72706.28682163585,6.192345142364502,9.07421875
7,CHACHA,House8L,-0.8918350713825811,72706.28682163585,5.745166778564453,13.04296875
8,CHACHA,House8L,-0.8918350713825811,72706.28682163585,5.9484052658081055,4.16796875
9,CHACHA,House8L,-0.8918350713825811,72706.28682163585,6.243342638015747,20.69921875
1,CHACHA,MetroTraffic,-2.3850444881445494,3656.15279308063,18.333805322647095,16.21484375
10,CHACHA,MetroTraffic,-2.3850444881445494,3656.15279308063,13.158486127853394,15.64453125
2,CHACHA,MetroTraffic,-2.3850444881445494,3656.15279308063,17.61957311630249,12.5625
3,CHACHA,MetroTraffic,-2.3850444881445494,3656.15279308063,15.27728796005249,9.09765625
4,CHACHA,MetroTraffic,-2.3850444881445494,3656.15279308063,12.647740125656128,11.296875
5,CHACHA,MetroTraffic,-2.3850444881445494,3656.15279308063,11.93096137046814,11.5546875
6,CHACHA,MetroTraffic,-2.3850444881445494,3656.15279308063,12.643428325653076,12.34765625
7,CHACHA,MetroTraffic,-2.3850444881445494,3656.15279308063,13.654225826263428,14.27734375
8,CHACHA,MetroTraffic,-2.3850444881445494,3656.15279308063,13.450953245162964,8.91015625
9,CHACHA,MetroTraffic,-2.3850444881445494,3656.15279308063,13.067055463790894,21.87890625
1,CHACHA,abalone,0.4566442959653686,2.458611819729138,1.61629056930542,11.17578125
10,CHACHA,abalone,0.4566442959653686,2.458611819729138,1.358346939086914,10.29296875
2,CHACHA,abalone,0.4566442959653686,2.458611819729138,1.875885248184204,9.98046875
3,CHACHA,abalone,0.4566442959653686,2.458611819729138,1.6315052509307861,9.328125
4,CHACHA,abalone,0.4566442959653686,2.458611819729138,1.5497078895568848,16.01953125
5,CHACHA,abalone,0.4566442959653686,2.458611819729138,1.2814772129058838,14.796875
6,CHACHA,abalone,0.4566442959653686,2.458611819729138,1.4439113140106201,16.28515625
7,CHACHA,abalone,0.4566442959653686,2.458611819729138,1.4622933864593506,14.51953125
8,CHACHA,abalone,0.4566442959653686,2.458611819729138,1.895463228225708,17.72265625
9,CHACHA,abalone,0.4566442959653686,2.458611819729138,2.163444757461548,14.9453125
1,CHACHA,ailerons,0.7939972737429764,0.051429715308182675,8.169673919677734,20.171875
10,CHACHA,ailerons,0.7939972737429764,0.051429715308182675,4.526223659515381,17.33203125
2,CHACHA,ailerons,0.7939972737429764,0.051429715308182675,6.029620409011841,16.765625
3,CHACHA,ailerons,0.7939972737429764,0.051429715308182675,4.915002107620239,15.9453125
4,CHACHA,ailerons,0.7939972737429764,0.051429715308182675,4.645108699798584,15.484375
5,CHACHA,ailerons,0.7939972737429764,0.051429715308182675,3.526012897491455,6.25
6,CHACHA,ailerons,0.7939972737429764,0.051429715308182675,3.4561595916748047,19.3984375
7,CHACHA,ailerons,0.7939972737429764,0.051429715308182675,3.449921131134033,10.26171875
8,CHACHA,ailerons,0.7939972737429764,0.051429715308182675,3.7511844635009766,16.42578125
9,CHACHA,ailerons,0.7939972737429764,0.051429715308182675,4.013268709182739,7.23828125
1,CHACHA,bike,0.016790466124912418,179.86586420284166,7.234940767288208,19.08984375
10,CHACHA,bike,0.016790466124912418,179.86586420284166,4.7383131980896,11.2890625
2,CHACHA,bike,0.016790466124912418,179.86586420284166,5.912652969360352,18.78515625
3,CHACHA,bike,0.016790466124912418,179.86586420284166,5.99110746383667,19.078125
4,CHACHA,bike,0.016790466124912418,179.86586420284166,5.207840204238892,7.671875
5,CHACHA,bike,0.016790466124912418,179.86586420284166,4.321213245391846,8.76953125
6,CHACHA,bike,0.016790466124912418,179.86586420284166,4.219095230102539,13.8359375
7,CHACHA,bike,0.016790466124912418,179.86586420284166,4.391402959823608,19.8515625
8,CHACHA,bike,0.016790466124912418,179.86586420284166,5.055990695953369,3.7578125
9,CHACHA,bike,0.016790466124912418,179.86586420284166,5.772015810012817,15.08984375
1,CHACHA,cpu_activity,-1.010132286658794,26.137789725677152,17.6253879070282,54.40234375
10,CHACHA,cpu_activity,-1.010132286658794,26.137789725677152,13.092865705490112,54.109375
2,CHACHA,cpu_activity,-1.010132286658794,26.137789725677152,19.39304494857788,55.49609375
3,CHACHA,cpu_activity,-1.010132286658794,26.137789725677152,15.708855152130127,51.296875
4,CHACHA,cpu_activity,-1.010132286658794,26.137789725677152,12.862988233566284,52.4375
5,CHACHA,cpu_activity,-1.010132286658794,26.137789725677152,12.663366556167603,57.8828125
6,CHACHA,cpu_activity,-1.010132286658794,26.137789725677152,12.422845840454102,59.1640625
7,CHACHA,cpu_activity,-1.010132286658794,26.137789725677152,12.455446004867554,52.44921875
8,CHACHA,cpu_activity,-1.010132286658794,26.137789725677152,12.917444944381714,63.12890625
9,CHACHA,cpu_activity,-1.010132286658794,26.137789725677152,12.987632751464844,57.05078125
1,CHACHA,elevators,0.8602345739363472,0.002513163184236737,7.44438624382019,13.25390625
10,CHACHA,elevators,0.8602345739363472,0.002513163184236737,4.907267332077026,11.171875
2,CHACHA,elevators,0.8602345739363472,0.002513163184236737,6.6357581615448,9.8828125
3,CHACHA,elevators,0.8602345739363472,0.002513163184236737,6.499401092529297,18.41796875
4,CHACHA,elevators,0.8602345739363472,0.002513163184236737,4.781221628189087,16.05078125
5,CHACHA,elevators,0.8602345739363472,0.002513163184236737,4.222341060638428,17.44140625
6,CHACHA,elevators,0.8602345739363472,0.002513163184236737,4.201371669769287,14.64453125
7,CHACHA,elevators,0.8602345739363472,0.002513163184236737,4.632467269897461,12.9140625
8,CHACHA,elevators,0.8602345739363472,0.002513163184236737,4.225477933883667,16.91796875
9,CHACHA,elevators,0.8602345739363472,0.002513163184236737,5.101043224334717,14.6015625
1,CHACHA,fried,0.6800216505587762,2.8274796644233815,18.32304549217224,13.86328125
10,CHACHA,fried,0.6800216505587762,2.8274796644233815,10.527350187301636,13.078125
2,CHACHA,fried,0.6800216505587762,2.8274796644233815,15.605596780776978,17.6953125
3,CHACHA,fried,0.6800216505587762,2.8274796644233815,14.39340615272522,18.359375
4,CHACHA,fried,0.6800216505587762,2.8274796644233815,11.013181686401367,12.03125
5,CHACHA,fried,0.6800216505587762,2.8274796644233815,10.616675853729248,21.4453125
6,CHACHA,fried,0.6800216505587762,2.8274796644233815,11.266311645507812,21.4921875
7,CHACHA,fried,0.6800216505587762,2.8274796644233815,10.577232122421265,14.69921875
8,CHACHA,fried,0.6800216505587762,2.8274796644233815,12.37366771697998,17.2578125
9,CHACHA,fried,0.6800216505587762,2.8274796644233815,12.350321292877197,16.46875
1,CHACHA,hyperA,0.9101014183235564,2.243525224373319,193.95877528190613,27.4453125
10,CHACHA,hyperA,0.9101014183235564,2.243525224373319,140.2717661857605,19.19921875
2,CHACHA,hyperA,0.9101014183235564,2.243525224373319,175.51502633094788,30.515625
3,CHACHA,hyperA,0.9101014183235564,2.243525224373319,169.26552438735962,17.59765625
4,CHACHA,hyperA,0.9101014183235564,2.243525224373319,130.7876796722412,19.171875
5,CHACHA,hyperA,0.9101014183235564,2.243525224373319,135.77132964134216,15.13671875
6,CHACHA,hyperA,0.9101014183235564,2.243525224373319,129.03374600410461,25.85546875
7,CHACHA,hyperA,0.9101014183235564,2.243525224373319,133.53382754325867,22.01171875
8,CHACHA,hyperA,0.9101014183235564,2.243525224373319,139.73327255249023,16.06640625
9,CHACHA,hyperA,0.9101014183235564,2.243525224373319,130.38466906547546,30.7734375
1,CHACHA,kin8nm,0.3685576141031298,0.2096259200304353,5.014289379119873,16.8359375
10,CHACHA,kin8nm,0.3685576141031298,0.2096259200304353,2.217378854751587,11.3046875
2,CHACHA,kin8nm,0.3685576141031298,0.2096259200304353,3.373443126678467,4.57421875
3,CHACHA,kin8nm,0.3685576141031298,0.2096259200304353,3.160964012145996,11.8046875
4,CHACHA,kin8nm,0.3685576141031298,0.2096259200304353,2.1647427082061768,14.97265625
5,CHACHA,kin8nm,0.3685576141031298,0.2096259200304353,2.2471466064453125,13.0625
6,CHACHA,kin8nm,0.3685576141031298,0.2096259200304353,2.271766424179077,17.265625
7,CHACHA,kin8nm,0.3685576141031298,0.2096259200304353,1.9750537872314453,11.61328125
8,CHACHA,kin8nm,0.3685576141031298,0.2096259200304353,2.4439661502838135,17.3125
9,CHACHA,kin8nm,0.3685576141031298,0.2096259200304353,2.243403196334839,13.29296875
1,CHACHA,white_wine,0.1422669607430721,0.8245287385267746,6.981221675872803,37.65234375
10,CHACHA,white_wine,0.1422669607430721,0.8245287385267746,4.258294105529785,34.76953125
2,CHACHA,white_wine,0.1422669607430721,0.8245287385267746,5.441059589385986,36.98828125
3,CHACHA,white_wine,0.1422669607430721,0.8245287385267746,5.486786603927612,35.05078125
4,CHACHA,white_wine,0.1422669607430721,0.8245287385267746,4.259634256362915,36.1953125
5,CHACHA,white_wine,0.1422669607430721,0.8245287385267746,4.228833198547363,24.7109375
6,CHACHA,white_wine,0.1422669607430721,0.8245287385267746,4.241424083709717,35.984375
7,CHACHA,white_wine,0.1422669607430721,0.8245287385267746,4.329407691955566,33.68359375
8,CHACHA,white_wine,0.1422669607430721,0.8245287385267746,4.325500249862671,39.29296875
9,CHACHA,white_wine,0.1422669607430721,0.8245287385267746,4.295570611953735,35.7109375
1,EAML-REG,FriedmanGra,0.6469618684096949,2.959750578086276,1766.8913447856903,51.51171875
10,EAML-REG,FriedmanGra,0.6405803163142519,2.986381144598517,1287.295657634735,92.53125
2,EAML-REG,FriedmanGra,0.6405803163142519,2.986381144598517,1741.7040657997131,106.00390625
3,EAML-REG,FriedmanGra,0.6469618684096949,2.959750578086276,1582.7724974155426,69.17578125
4,EAML-REG,FriedmanGra,0.6279119589663835,3.038555421498647,1192.7523038387299,130.93359375
5,EAML-REG,FriedmanGra,0.6469618684096949,2.959750578086276,1257.667061328888,66.171875
6,EAML-REG,FriedmanGra,0.6279119589663835,3.038555421498647,1179.8870692253113,39.12109375
7,EAML-REG,FriedmanGra,0.6204319227856251,3.068945287462241,1195.5348405838013,147.94921875
8,EAML-REG,FriedmanGra,0.6379399568569837,2.9973303102102564,1231.9456570148468,56.55078125
9,EAML-REG,FriedmanGra,0.6405803163142519,2.986381144598517,1342.5071325302124,101.38671875
1,EAML-REG,FriedmanGsg,0.6371335383195487,2.999199435538313,1430.703626871109,136.16015625
10,EAML-REG,FriedmanGsg,0.6383828091567175,2.9940321864049197,1209.2473857402802,65.2578125
2,EAML-REG,FriedmanGsg,0.6206566975362746,3.0665365194910503,1463.396024465561,44.80078125
3,EAML-REG,FriedmanGsg,0.7326396358440477,2.5744261771788484,1738.8504333496094,113.31640625
4,EAML-REG,FriedmanGsg,0.6356295742598137,3.0054083642489204,1245.6263823509216,285.7109375
5,EAML-REG,FriedmanGsg,0.650309114336358,2.944245956070325,1148.9546711444855,180.81640625
6,EAML-REG,FriedmanGsg,0.6859220464254814,2.790298444500926,1275.20343875885,59.14453125
7,EAML-REG,FriedmanGsg,0.6859220464254814,2.790298444500926,1423.1264588832855,150.76171875
8,EAML-REG,FriedmanGsg,0.6383828091567175,2.9940321864049197,1293.832529783249,66.94140625
9,EAML-REG,FriedmanGsg,0.6859220464254814,2.790298444500926,1409.3258562088013,128.51953125
1,EAML-REG,FriedmanLea,0.5681005839110574,3.5523144687949872,1647.1091194152832,37.4296875
10,EAML-REG,FriedmanLea,0.5800700513255583,3.502744991309582,1200.6058251857758,52.01171875
2,EAML-REG,FriedmanLea,0.5814742199487064,3.49688381957166,1835.1382863521576,82.08984375
3,EAML-REG,FriedmanLea,0.6980102116369221,2.9704088159416417,1674.74329829216,48.92578125
4,EAML-REG,FriedmanLea,0.5827978112408381,3.491349978687957,1221.4696066379547,119.4609375
5,EAML-REG,FriedmanLea,0.5800700513255583,3.502744991309582,1223.2649657726288,150.421875
6,EAML-REG,FriedmanLea,0.6319083503837086,3.2794278381955997,1430.4102540016174,45.5234375
7,EAML-REG,FriedmanLea,0.5978825368075273,3.4276507416862896,1276.528291463852,124.49609375
8,EAML-REG,FriedmanLea,0.5964842071079636,3.4336052533624963,1288.5031309127808,156.9375
9,EAML-REG,FriedmanLea,0.5971174642551943,3.430909932812015,1270.8675673007965,144.6328125
1,EAML-REG,House8L,0.43624944430481283,39689.33485581591,328.6436469554901,42.74609375
10,EAML-REG,House8L,0.49262653762203434,37652.53347719355,285.49110984802246,93.86328125
2,EAML-REG,House8L,0.4556961333848477,38998.78159666063,371.8720922470093,42.35546875
3,EAML-REG,House8L,0.4669295500677795,38594.25247372333,285.50122570991516,72.19140625
4,EAML-REG,House8L,0.43624944430481283,39689.33485581591,231.2942922115326,71.7734375
5,EAML-REG,House8L,0.4843567555056163,37958.14630769008,224.92734551429749,51.54296875
6,EAML-REG,House8L,0.4774833372410402,38210.29595050256,262.7982008457184,85.6953125
7,EAML-REG,House8L,0.4402983989623991,39546.55016064105,259.10565519332886,33.49609375
8,EAML-REG,House8L,0.4669295500677795,38594.25247372333,248.91972160339355,48.96484375
9,EAML-REG,House8L,0.4536201769879512,39073.08083234056,244.6255431175232,46.1875
1,EAML-REG,MetroTraffic,0.12859295078159172,1855.0374466568553,622.6985673904419,110.4296875
10,EAML-REG,MetroTraffic,0.15269700509082407,1829.2013668952288,441.96958088874817,106.23828125
2,EAML-REG,MetroTraffic,0.15269700509082407,1829.2013668952288,562.2051854133606,107.28515625
3,EAML-REG,MetroTraffic,0.12173586810929948,1862.3217688816064,488.01538848876953,101.66796875
4,EAML-REG,MetroTraffic,0.1065157012974185,1878.3893143984249,471.6529817581177,97.953125
5,EAML-REG,MetroTraffic,0.09532935922238706,1890.1113703567505,394.0117681026459,45.9609375
6,EAML-REG,MetroTraffic,0.06364306120520735,1922.9272905519226,462.17620825767517,52.7578125
7,EAML-REG,MetroTraffic,0.12173586810929948,1862.3217688816064,499.139280796051,127.31640625
8,EAML-REG,MetroTraffic,0.06364306120520735,1922.9272905519226,477.67534494400024,39.0859375
9,EAML-REG,MetroTraffic,0.10760005681169338,1877.2491375759741,484.9118974208832,104.8359375
1,EAML-REG,abalone,0.6119255090732483,2.0778079236473572,120.57356548309326,14.0625
10,EAML-REG,abalone,0.5996047673356499,2.110533737233279,110.04643058776855,26.99609375
2,EAML-REG,abalone,0.6115359991231898,2.0788504089191475,156.62268662452698,27.28125
3,EAML-REG,abalone,0.6050007771590955,2.0962639728411667,131.43216824531555,9.1015625
4,EAML-REG,abalone,0.6051605452562576,2.0958399846912696,95.1532633304596,23.796875
5,EAML-REG,abalone,0.6115359991231898,2.0788504089191475,119.91449284553528,16.6875
6,EAML-REG,abalone,0.6075920843470572,2.089376614714919,108.40906381607056,11.515625
7,EAML-REG,abalone,0.6075920843470572,2.089376614714919,122.87466502189636,11.59765625
8,EAML-REG,abalone,0.6050007771590955,2.0962639728411667,119.5960111618042,8.140625
9,EAML-REG,abalone,0.6097116844609092,2.0837260667861535,86.99532437324524,27.29296875
1,EAML-REG,ailerons,0.8140058407295401,0.048868306547665025,908.0924227237701,98.37109375
10,EAML-REG,ailerons,0.8041631607037574,0.05014467627599725,723.0039813518524,54.37890625
2,EAML-REG,ailerons,0.8140058407295401,0.048868306547665025,902.3567209243774,102.640625
3,EAML-REG,ailerons,0.8119573823118718,0.049136676733067784,937.5044591426849,79.578125
4,EAML-REG,ailerons,0.8199185520322179,0.04808527712599575,635.9169919490814,97.1640625
5,EAML-REG,ailerons,0.8140058407295401,0.048868306547665025,663.6452398300171,117.86328125
6,EAML-REG,ailerons,0.8142699943020174,0.0488335922200968,667.2745501995087,174.2109375
7,EAML-REG,ailerons,0.8041631607037574,0.05014467627599725,644.4426136016846,105.7890625
8,EAML-REG,ailerons,0.8108810559200331,0.049277101385404413,720.4486017227173,99.19921875
9,EAML-REG,ailerons,0.8119573823118718,0.049136676733067784,736.8083074092865,76.921875
1,EAML-REG,bike,0.8267040001764067,75.51269620425946,255.0948452949524,42.765625
10,EAML-REG,bike,0.8267040001764067,75.51269620425946,202.73729276657104,30.41015625
2,EAML-REG,bike,0.826884707676941,75.47331482850166,297.55088448524475,29.90234375
3,EAML-REG,bike,0.8340133694227931,73.90303306472158,260.7019271850586,59.7890625
4,EAML-REG,bike,0.8036433288687223,80.38009933241545,159.77020859718323,17.140625
5,EAML-REG,bike,0.7971201596385742,81.70434549777397,146.27634167671204,18.6640625
6,EAML-REG,bike,0.8765532615694525,63.73316969276445,190.6020166873932,29.2421875
7,EAML-REG,bike,0.8309823128530055,74.5747464368825,205.76854729652405,25.9375
8,EAML-REG,bike,0.8309823128530055,74.5747464368825,194.2616958618164,21.33984375
9,EAML-REG,bike,0.8340133694227931,73.90303306472158,223.64385652542114,29.91796875
1,EAML-REG,cpu_activity,0.883845604265343,6.2831056890380115,403.0425362586975,49.609375
10,EAML-REG,cpu_activity,0.8970775470935962,5.914412406455776,314.0693085193634,52.6796875
2,EAML-REG,cpu_activity,0.8883004364424729,6.161440774688485,464.2754878997803,48.484375
3,EAML-REG,cpu_activity,0.883845604265343,6.2831056890380115,349.6708736419678,51.70703125
4,EAML-REG,cpu_activity,0.8783813274167591,6.429196056765423,341.00831508636475,60.4375
5,EAML-REG,cpu_activity,0.8714063415391097,6.610987198970832,310.8942415714264,56.515625
6,EAML-REG,cpu_activity,0.8783813274167591,6.429196056765423,341.78370094299316,65.66796875
7,EAML-REG,cpu_activity,0.8931287539488645,6.0268027351799685,318.7002761363983,56.57421875
8,EAML-REG,cpu_activity,0.8965538627310083,5.929440008967057,369.82924580574036,82.703125
9,EAML-REG,cpu_activity,0.8796805716374436,6.3947625092738045,339.1258955001831,65.1484375
1,EAML-REG,elevators,0.7333323634339358,0.003471410466707498,606.9265155792236,87.85546875
10,EAML-REG,elevators,0.7663591498136895,0.0032493403349793584,296.6588201522827,51.7109375
2,EAML-REG,elevators,0.7228842898892056,0.003538762254435825,503.75973200798035,53.65234375
3,EAML-REG,elevators,0.7180621564181393,0.003569418740594115,584.7950468063354,112.53125
4,EAML-REG,elevators,0.7180621564181393,0.003569418740594115,457.5634870529175,93.28515625
5,EAML-REG,elevators,0.7228842898892056,0.003538762254435825,423.3220281600952,106.96875
6,EAML-REG,elevators,0.7294838742346699,0.003496370056008055,353.14484167099,27.09765625
7,EAML-REG,elevators,0.7333323634339358,0.003471410466707498,443.6056897640228,87.48046875
8,EAML-REG,elevators,0.7206395434476909,0.003553066030608929,425.2045226097107,120.390625
9,EAML-REG,elevators,0.7040575606968444,0.003656995595148885,350.7717590332031,77.0234375
1,EAML-REG,fried,0.7847067071196204,2.3192867310215597,865.4894633293152,74.62109375
10,EAML-REG,fried,0.7452321261463695,2.5229667356889043,609.7182755470276,33.9921875
2,EAML-REG,fried,0.7534889757317513,2.481746204193392,756.1453022956848,41.875
3,EAML-REG,fried,0.7734321457450088,2.379240473168568,796.6530156135559,70.50390625
4,EAML-REG,fried,0.7810797560681562,2.3387411380611005,680.6057434082031,98.53515625
5,EAML-REG,fried,0.7810797560681562,2.3387411380611005,692.2601795196533,72.08984375
6,EAML-REG,fried,0.7903227069097299,2.2888371498403717,663.4064381122589,68.31640625
7,EAML-REG,fried,0.7810797560681562,2.3387411380611005,705.0594594478607,93.875
8,EAML-REG,fried,0.7734321457450088,2.379240473168568,686.3144209384918,62.53515625
9,EAML-REG,fried,0.7416319869026802,2.5407302942331977,656.0749671459198,47.19921875
1,EAML-REG,hyperA,0.6266179109257952,4.57226377922452,4597.658073186874,76.87890625
10,EAML-REG,hyperA,0.5906134530506404,4.7876381643646635,3707.463636159897,48.015625
2,EAML-REG,hyperA,0.5663554354667455,4.927441652419388,3960.8283886909485,60.55078125
3,EAML-REG,hyperA,0.5039554484123256,5.270051735920561,3439.357340335846,43.9453125
4,EAML-REG,hyperA,0.5039554484123256,5.270051735920561,3312.491087436676,46.73828125
5,EAML-REG,hyperA,0.5834621013148206,4.82927345378173,3400.634766817093,41.80859375
6,EAML-REG,hyperA,0.6848616869170759,4.200540145747875,4074.6078407764435,260.921875
7,EAML-REG,hyperA,0.5039554484123256,5.270051735920561,3466.0834534168243,192.47265625
8,EAML-REG,hyperA,0.5039554484123256,5.270051735920561,3517.6979224681854,44.12109375
9,EAML-REG,hyperA,0.6848616869170759,4.200540145747875,4063.6765832901,43.9609375
1,EAML-REG,kin8nm,0.5491684907950027,0.17712719584459058,176.39223527908325,51.6015625
10,EAML-REG,kin8nm,0.5129297612850203,0.18410853118805887,107.56232905387878,33.37890625
2,EAML-REG,kin8nm,0.5178400207770749,0.18317816164918188,135.9750542640686,23.71875
3,EAML-REG,kin8nm,0.5178400207770749,0.18317816164918188,118.74966025352478,36.984375
4,EAML-REG,kin8nm,0.5445000487632077,0.17804192601090693,129.94154620170593,42.69140625
5,EAML-REG,kin8nm,0.5477927717813057,0.1773972431162475,111.1527054309845,41.51171875
6,EAML-REG,kin8nm,0.5348106133435155,0.17992562301452333,105.52900195121765,44.1484375
7,EAML-REG,kin8nm,0.5491684907950027,0.17712719584459058,129.43786001205444,45.43359375
8,EAML-REG,kin8nm,0.5477927717813057,0.1773972431162475,119.65488982200623,38.72265625
9,EAML-REG,kin8nm,0.5445000487632077,0.17804192601090693,134.11007642745972,49.453125
1,EAML-REG,white_wine,-1.0278004232496598,1.2677754351649955,147.13651418685913,35.6171875
10,EAML-REG,white_wine,0.34096497455623753,0.7227431363846776,101.64136362075806,45.41015625
2,EAML-REG,white_wine,-1.0278004232496598,1.2677754351649955,133.81283450126648,24.6015625
3,EAML-REG,white_wine,0.34096497455623753,0.7227431363846776,104.27918553352356,31.421875
4,EAML-REG,white_wine,0.34096497455623753,0.7227431363846776,102.87591028213501,30.65625
5,EAML-REG,white_wine,-8.09208712552662,2.6844883412862797,60.63479781150818,21.75390625
6,EAML-REG,white_wine,-8.09208712552662,2.6844883412862797,58.38485598564148,9.7109375
7,EAML-REG,white_wine,-8.095576771925433,2.685003460435375,87.20649218559265,25.35546875
8,EAML-REG,white_wine,-8.052957632240295,2.678705514493664,71.07366037368774,20.77734375
9,EAML-REG,white_wine,-8.09208712552662,2.6844883412862797,61.899620056152344,14.1015625
1,HATR,FriedmanGra,0.7397757876341349,2.5410789432704695,148.48806715011597,88.8046875
10,HATR,FriedmanGra,0.7337328002348953,2.570414376292776,119.72829031944275,150.94921875
2,HATR,FriedmanGra,0.7338100415175633,2.570041524314734,161.85191130638123,84.83203125
3,HATR,FriedmanGra,0.7333973095117479,2.5720331988780485,149.30587315559387,79.140625
4,HATR,FriedmanGra,0.7600803942308675,2.4399289254238354,125.84600615501404,121.07421875
5,HATR,FriedmanGra,0.7397757876341349,2.5410789432704695,115.92451357841492,111.859375
6,HATR,FriedmanGra,0.7338100415175633,2.570041524314734,117.26617240905762,127.34765625
7,HATR,FriedmanGra,0.7386511801520494,2.5465638969596474,118.61594223976135,140.671875
8,HATR,FriedmanGra,0.7306216694649517,2.585387439679922,123.59959101676941,121.13671875
9,HATR,FriedmanGra,0.7372712950821904,2.5532777964070483,119.70594215393066,143.6953125
1,HATR,FriedmanGsg,0.7837367742765612,2.3153852854765837,159.96250081062317,57.87109375
10,HATR,FriedmanGsg,0.7817942181041196,2.325760861172841,129.04075694084167,148.59765625
2,HATR,FriedmanGsg,0.7894370611918742,2.2846669403963777,155.26984024047852,97.89453125
3,HATR,FriedmanGsg,0.7894370611918742,2.2846669403963777,149.054940700531,69.875
4,HATR,FriedmanGsg,0.7725687678913428,2.3744169441538614,130.37223505973816,179.91015625
5,HATR,FriedmanGsg,0.7790063306932266,2.3405711475625486,119.03483152389526,162.859375
6,HATR,FriedmanGsg,0.7710955485560957,2.3820948484381455,103.97480368614197,66.2265625
7,HATR,FriedmanGsg,0.7710955485560957,2.3820948484381455,114.70943713188171,109.72265625
8,HATR,FriedmanGsg,0.7725687678913428,2.3744169441538614,115.44680070877075,93.359375
9,HATR,FriedmanGsg,0.7725687678913428,2.3744169441538614,123.22811889648438,114.06640625
1,HATR,FriedmanLea,0.7895467648455232,2.4796929050894896,164.48640370368958,123.50390625
10,HATR,FriedmanLea,0.7969439562186929,2.4357238940289854,120.48333382606506,106.90625
2,HATR,FriedmanLea,0.792013727679978,2.4651164052877195,163.1304967403412,123.62109375
3,HATR,FriedmanLea,0.7834770041858898,2.5151976001310072,140.00418901443481,105.984375
4,HATR,FriedmanLea,0.7947472952234031,2.448863288936486,134.13636112213135,200.70703125
5,HATR,FriedmanLea,0.7895467648455232,2.4796929050894896,114.065185546875,127.44140625
6,HATR,FriedmanLea,0.7901492927762894,2.476140678489415,128.2790825366974,212.6484375
7,HATR,FriedmanLea,0.7804135663128644,2.5329280239093577,118.01943135261536,146.0703125
8,HATR,FriedmanLea,0.7969439562186929,2.4357238940289854,115.31389546394348,219.3515625
9,HATR,FriedmanLea,0.7901492927762894,2.476140678489415,124.87855458259583,191.35546875
1,HATR,House8L,0.40318534784501125,40836.64621414177,25.620290279388428,4.4765625
10,HATR,House8L,0.4084722500990686,40655.367467359814,17.10720181465149,15.14453125
2,HATR,House8L,0.4277523329383053,39987.32428144254,22.827669858932495,19.0390625
3,HATR,House8L,0.39861732684133555,40992.63020933614,20.453510284423828,16.46484375
4,HATR,House8L,0.3497589413919937,42625.30737302728,16.94430708885193,28.8046875
5,HATR,House8L,0.40318534784501125,40836.64621414177,16.44891858100891,15.328125
6,HATR,House8L,0.4277523329383053,39987.32428144254,15.984755516052246,13.6875
7,HATR,House8L,0.4298375448679588,39914.40293282928,19.25358271598816,24.11328125
8,HATR,House8L,0.4084722500990686,40655.367467359814,18.062524557113647,10.61328125
9,HATR,House8L,0.4084722500990686,40655.367467359814,18.10078191757202,5.5234375
1,HATR,MetroTraffic,0.13035764273934358,1853.1581706753657,28.818789958953857,13.171875
10,HATR,MetroTraffic,0.1275967029052738,1856.0975420567752,21.185070514678955,0.640625
2,HATR,MetroTraffic,0.13316015072068055,1850.1697689435691,25.077228546142578,16.6171875
3,HATR,MetroTraffic,0.13316015072068055,1850.1697689435691,24.15366554260254,5.8984375
4,HATR,MetroTraffic,0.11748229752772199,1866.8260795278131,15.454075813293457,5.22265625
5,HATR,MetroTraffic,0.12639196621002047,1857.37867967731,17.615370988845825,0.6640625
6,HATR,MetroTraffic,0.13316015072068055,1850.1697689435691,18.204384326934814,1.75390625
7,HATR,MetroTraffic,0.11768498099557156,1866.6116948701622,20.74235773086548,15.24609375
8,HATR,MetroTraffic,0.1275967029052738,1856.0975420567752,18.631610870361328,2.14453125
9,HATR,MetroTraffic,0.1266213600378976,1857.1348064744502,17.47334384918213,17.81640625
1,HATR,abalone,0.557015045863334,2.2199456287120074,5.307756185531616,4.48046875
10,HATR,abalone,0.5741157679694238,2.176675206216687,3.9578001499176025,0.66015625
2,HATR,abalone,0.5601394238176391,2.212103124955271,5.4588518142700195,8.4453125
3,HATR,abalone,0.5717762333252226,2.1826456463164856,5.241673469543457,0.3671875
4,HATR,abalone,0.5560069438926056,2.2224701611734208,3.9146904945373535,0.96875
5,HATR,abalone,0.5560069438926056,2.2224701611734208,3.652994394302368,5.05859375
6,HATR,abalone,0.5742407462852124,2.1763558034993498,4.031193494796753,0.14453125
7,HATR,abalone,0.5560069438926056,2.2224701611734208,3.971046209335327,4.66015625
8,HATR,abalone,0.5583988897245602,2.2164754644742577,3.281083583831787,8.9453125
9,HATR,abalone,0.557015045863334,2.2199456287120074,3.6787161827087402,6.82421875
1,HATR,ailerons,0.7741585981182001,0.05384921997965665,25.673969745635986,4.890625
10,HATR,ailerons,0.7571409890056793,0.05584120062660886,16.046475410461426,7.734375
2,HATR,ailerons,0.7765587045178112,0.05356231714715436,21.04604148864746,7.21484375
3,HATR,ailerons,0.7548704550554696,0.05610162821853191,24.49149990081787,11.0625
4,HATR,ailerons,0.7548704550554696,0.05610162821853191,19.018630266189575,5.46484375
5,HATR,ailerons,0.7770889613114207,0.05349872403908303,14.625690698623657,4.46875
6,HATR,ailerons,0.7773547659099701,0.05346681792844332,14.591763496398926,11.86328125
7,HATR,ailerons,0.7548704550554696,0.05610162821853191,16.03403091430664,12.3359375
8,HATR,ailerons,0.778365886485958,0.053345272730517077,15.552354574203491,2.0703125
9,HATR,ailerons,0.7616881074357278,0.05531596512460633,14.914130449295044,1.34765625
1,HATR,bike,0.7555957805323084,89.67679075411753,8.236457109451294,3.39453125
10,HATR,bike,0.7012058825595445,99.15434035170986,7.640688896179199,2.74609375
2,HATR,bike,0.7469410273613787,91.25077852662868,8.691694736480713,4.38671875
3,HATR,bike,0.7555957805323084,89.67679075411753,8.181555986404419,1.04296875
4,HATR,bike,0.7469410273613787,91.25077852662868,6.500332355499268,6.32421875
5,HATR,bike,0.7555957805323084,89.67679075411753,6.315981864929199,3.921875
6,HATR,bike,0.7012058825595445,99.15434035170986,5.832188606262207,4.09765625
7,HATR,bike,0.7878493617354447,83.55027419338501,7.050920248031616,1.11328125
8,HATR,bike,0.7878493617354447,83.55027419338501,5.65513277053833,5.16015625
9,HATR,bike,0.7012058825595445,99.15434035170986,7.293081521987915,8.43359375
1,HATR,cpu_activity,0.713512102879465,9.867557822906607,21.84871816635132,12.984375
10,HATR,cpu_activity,0.7231039049461743,9.70096540309116,16.170825958251953,4.40625
2,HATR,cpu_activity,0.717826768592623,9.792970494808266,19.490201234817505,3.921875
3,HATR,cpu_activity,0.7212723018987368,9.732997330545835,19.45529294013977,6.56640625
4,HATR,cpu_activity,0.7084253614772598,9.954774190278009,13.60479187965393,10.13671875
5,HATR,cpu_activity,0.7154753446231419,9.83368954333199,14.45235824584961,1.9921875
6,HATR,cpu_activity,0.7377465050688821,9.440982279222508,14.523167848587036,7.12109375
7,HATR,cpu_activity,0.717217854049274,9.803531150387625,14.235510110855103,8.5
8,HATR,cpu_activity,0.7212723018987368,9.732997330545835,14.740849256515503,7.10546875
9,HATR,cpu_activity,0.7212723018987368,9.732997330545835,14.767012357711792,12.53125
1,HATR,elevators,0.6954475791434525,0.0037098114787479488,18.410012245178223,1.78125
10,HATR,elevators,0.6406616291647209,0.00402969902170937,10.037569046020508,1.6328125
2,HATR,elevators,0.6954475791434525,0.0037098114787479488,15.895652055740356,11.25390625
3,HATR,elevators,0.606398124358516,0.004217444657011846,13.00788927078247,8.43359375
4,HATR,elevators,0.6934907095986044,0.0037217108964541154,12.310011625289917,5.64453125
5,HATR,elevators,0.6406616291647209,0.00402969902170937,9.953729629516602,3.66796875
6,HATR,elevators,0.6934907095986044,0.0037217108964541154,10.285443544387817,6.2890625
7,HATR,elevators,0.6352631139352309,0.0040598562421063755,10.432259798049927,3.48046875
8,HATR,elevators,0.6954475791434525,0.0037098114787479488,11.872917890548706,4.53125
9,HATR,elevators,0.6551657980342844,0.003947534913712859,10.363626718521118,8.49609375
1,HATR,fried,0.816659685958848,2.1402681006603532,61.615952014923096,34.4609375
10,HATR,fried,0.8033867015107213,2.216387222586933,45.01586985588074,42.63671875
2,HATR,fried,0.8236295727966495,2.099191584387567,54.82205367088318,40.21484375
3,HATR,fried,0.8113050254444769,2.1712976391199326,56.24399137496948,40.5390625
4,HATR,fried,0.8004077758966476,2.2331145539638695,39.85793900489807,63.34765625
5,HATR,fried,0.8108431104440461,2.1739536237523924,38.22274112701416,63.49609375
6,HATR,fried,0.8049727834304388,2.2074293084840138,36.76486825942993,34.984375
7,HATR,fried,0.816659685958848,2.1402681006603532,41.4363694190979,45.12109375
8,HATR,fried,0.8093586042846087,2.1824675626457912,46.34645175933838,44.22265625
9,HATR,fried,0.8093586042846087,2.1824675626457912,40.36609959602356,50.828125
1,HATR,hyperA,0.9372160723080202,1.8749028851065483,845.3923618793488,295.34375
10,HATR,hyperA,0.9363119353678577,1.8883546524364014,654.4021320343018,254.53515625
2,HATR,hyperA,0.9367158028009225,1.8823577843704096,791.2146008014679,142.65234375
3,HATR,hyperA,0.9363496382409289,1.8877956235489384,738.4599406719208,304.703125
4,HATR,hyperA,0.9367158028009225,1.8823577843704096,603.7386679649353,145.76171875
5,HATR,hyperA,0.9372160723080202,1.8749028851065483,592.4669370651245,394.1328125
6,HATR,hyperA,0.9359100578265238,1.8943031290414205,587.8196985721588,368.453125
7,HATR,hyperA,0.9355682006792633,1.89934853698212,626.9917838573456,284.87109375
8,HATR,hyperA,0.9355682006792633,1.89934853698212,625.7893705368042,263.609375
9,HATR,hyperA,0.9363119353678577,1.8883546524364014,625.9976322650909,257.484375
1,HATR,kin8nm,0.292807607834905,0.22184360107009524,11.004510879516602,8.73828125
10,HATR,kin8nm,0.30351726876517315,0.22015740257120742,5.354320764541626,7.74609375
2,HATR,kin8nm,0.292807607834905,0.22184360107009524,10.33798623085022,9.2109375
3,HATR,kin8nm,0.30351726876517315,0.22015740257120742,8.059382677078247,17.265625
4,HATR,kin8nm,0.3110235727872993,0.21896782162760484,6.2677001953125,5.7265625
5,HATR,kin8nm,0.3206858641418211,0.21742698430786228,5.343885183334351,10.44140625
6,HATR,kin8nm,0.29979897586580484,0.22074429439538013,5.891999006271362,7.82421875
7,HATR,kin8nm,0.30351726876517315,0.22015740257120742,5.868274688720703,7.078125
8,HATR,kin8nm,0.3349519753294803,0.21513180459495088,5.8216211795806885,8.72265625
9,HATR,kin8nm,0.3068113926190542,0.21963615109585485,6.581979513168335,17.47265625
1,HATR,white_wine,0.1253287758608599,0.8326301775341235,3.6945111751556396,2.40234375
10,HATR,white_wine,0.1253287758608599,0.8326301775341235,2.9155209064483643,3.4765625
2,HATR,white_wine,0.10033605817050617,0.8444421154378486,3.761354923248291,0.96875
3,HATR,white_wine,0.11199454327953617,0.838952833235916,4.198805332183838,8.00390625
4,HATR,white_wine,0.10901443999551963,0.8403593966628983,2.777726411819458,7.1875
5,HATR,white_wine,0.11199454327953617,0.838952833235916,2.660686731338501,3.7265625
6,HATR,white_wine,0.11454930759408832,0.8377451432738323,2.797349214553833,4.2421875
7,HATR,white_wine,0.1253287758608599,0.8326301775341235,2.7723987102508545,2.36328125
8,HATR,white_wine,0.10962192158231354,0.8400728656972662,2.6223998069763184,7.671875
9,HATR,white_wine,0.1253287758608599,0.8326301775341235,3.0199522972106934,2.4765625
1,SOKNL,FriedmanGra,0.816150966420931,2.1358708160783704,473.5393304824829,7162.50390625
10,SOKNL,FriedmanGra,0.8169453856708663,2.1312512274131663,336.65295815467834,7323.515625
2,SOKNL,FriedmanGra,0.8169453856708663,2.1312512274131663,466.05783867836,6764.2890625
3,SOKNL,FriedmanGra,0.8170975029203797,2.130365515091772,470.53056240081787,6808.77734375
4,SOKNL,FriedmanGra,0.8171163618031948,2.130255682394211,322.6373426914215,7560.0859375
5,SOKNL,FriedmanGra,0.8170975029203797,2.130365515091772,365.3745894432068,7165.625
6,SOKNL,FriedmanGra,0.8157785949115501,2.1380327396642267,327.6162507534027,6845.48828125
7,SOKNL,FriedmanGra,0.8169698615863362,2.13110873969469,355.0702509880066,7107.609375
8,SOKNL,FriedmanGra,0.8157426770564636,2.1382411568329864,331.4500391483307,6783.6953125
9,SOKNL,FriedmanGra,0.816150966420931,2.1358708160783704,347.111332654953,7744.515625
1,SOKNL,FriedmanGsg,0.8110014046006778,2.1645180861283886,353.6956901550293,6729.19140625
10,SOKNL,FriedmanGsg,0.8105723468393868,2.1669735985692116,332.77016377449036,6327.90625
2,SOKNL,FriedmanGsg,0.8107735383993483,2.16582251894612,328.52206158638,6715.16796875
3,SOKNL,FriedmanGsg,0.8110014046006778,2.1645180861283886,350.6855962276459,7529.59375
4,SOKNL,FriedmanGsg,0.8105124471945552,2.1673161850056593,362.4953169822693,7180.1015625
5,SOKNL,FriedmanGsg,0.8110014046006778,2.1645180861283886,356.9542784690857,6846.95703125
6,SOKNL,FriedmanGsg,0.8105723468393868,2.1669735985692116,326.7335419654846,6711.046875
7,SOKNL,FriedmanGsg,0.8103051963653418,2.1685011053752383,370.3411273956299,6785.73828125
8,SOKNL,FriedmanGsg,0.8103051963653418,2.1685011053752383,353.13118863105774,6923.234375
9,SOKNL,FriedmanGsg,0.8106642438958357,2.1664479027437404,396.6212134361267,6747.80859375
1,SOKNL,FriedmanLea,0.831807759097288,2.216782451142355,530.539826631546,7100.54296875
10,SOKNL,FriedmanLea,0.831807759097288,2.216782451142355,381.67868971824646,7431.65234375
2,SOKNL,FriedmanLea,0.8341252475238867,2.201457168220737,479.3898026943207,6500.33203125
3,SOKNL,FriedmanLea,0.8323090874838783,2.213476218535252,511.2766969203949,6129.59375
4,SOKNL,FriedmanLea,0.831807759097288,2.216782451142355,398.05048394203186,7191.68359375
5,SOKNL,FriedmanLea,0.8325606945377667,2.211815021500976,341.58470010757446,7980.36328125
6,SOKNL,FriedmanLea,0.831807759097288,2.216782451142355,400.6991608142853,7697.25
7,SOKNL,FriedmanLea,0.8336514199948448,2.2045991989856657,392.519633769989,6803.9765625
8,SOKNL,FriedmanLea,0.830506936565589,2.22533839397821,388.266970872879,6587.84765625
9,SOKNL,FriedmanLea,0.8325606945377667,2.211815021500976,361.99388694763184,7499.421875
1,SOKNL,House8L,0.5339946469055382,36084.922925288025,56.32415175437927,2411.328125
10,SOKNL,House8L,0.5329666938740645,36124.70055033301,73.66819524765015,1911.3828125
2,SOKNL,House8L,0.5269881317357551,36355.184088657996,56.767585039138794,2505.578125
3,SOKNL,House8L,0.5239648041063998,36471.18388327486,54.19846487045288,2693.1171875
4,SOKNL,House8L,0.5269881317357551,36355.184088657996,56.58004689216614,2382.87890625
5,SOKNL,House8L,0.5376931258495632,35941.44261465203,60.328864336013794,2663.98828125
6,SOKNL,House8L,0.5239648041063998,36471.18388327486,61.28076791763306,2491.921875
7,SOKNL,House8L,0.5283464754079981,36302.94614112866,68.62670588493347,2382.3125
8,SOKNL,House8L,0.5329666938740645,36124.70055033301,67.17854046821594,2604.01171875
9,SOKNL,House8L,0.5287330323894174,36288.06653879169,74.82995247840881,2267.4140625
1,SOKNL,MetroTraffic,0.2723753981314514,1695.1019904078166,57.25156760215759,725.765625
10,SOKNL,MetroTraffic,0.27333160130906564,1693.9878205687703,71.6132128238678,1026.85546875
2,SOKNL,MetroTraffic,0.272324341850702,1695.1614606928783,59.491015672683716,742.00390625
3,SOKNL,MetroTraffic,0.27754492018717036,1689.0696992184057,58.53118872642517,802.69140625
4,SOKNL,MetroTraffic,0.27333160130906564,1693.9878205687703,60.25733733177185,753.69921875
5,SOKNL,MetroTraffic,0.27333160130906564,1693.9878205687703,65.43981862068176,749.40625
6,SOKNL,MetroTraffic,0.2779145236496011,1688.637585241917,64.39597630500793,800.1484375
7,SOKNL,MetroTraffic,0.272324341850702,1695.1614606928783,67.11986446380615,738.63671875
8,SOKNL,MetroTraffic,0.27586075745309746,1691.0373041278167,71.22011852264404,745.39453125
9,SOKNL,MetroTraffic,0.27754492018717036,1689.0696992184057,68.6443920135498,745.703125
1,SOKNL,abalone,0.3515876410945379,2.6857989016437958,10.971678495407104,823.515625
10,SOKNL,abalone,0.32871928856964905,2.732750195557261,14.198529243469238,832.7109375
2,SOKNL,abalone,0.3231918305166067,2.7439781322916192,12.354989767074585,889.5625
3,SOKNL,abalone,0.3583940010278742,2.6716653493651803,11.534169435501099,1017.15234375
4,SOKNL,abalone,0.34557486738783194,2.6982229674713265,10.423495769500732,848.9453125
5,SOKNL,abalone,0.3405523815391913,2.7085571401526587,10.116962194442749,752.66796875
6,SOKNL,abalone,0.36040738355409696,2.667470165005321,11.983960151672363,1103.79296875
7,SOKNL,abalone,0.36040738355409696,2.667470165005321,12.646549701690674,763.1953125
8,SOKNL,abalone,0.3231918305166067,2.7439781322916192,13.47121286392212,850.75
9,SOKNL,abalone,0.33726378089171116,2.715302395638735,14.491712808609009,782.68359375
1,SOKNL,ailerons,0.6534825327922595,0.06670220672165657,37.69729423522949,1294.77734375
10,SOKNL,ailerons,0.6507680597408115,0.06696295567673696,49.39765214920044,1528.5546875
2,SOKNL,ailerons,0.6409773395422228,0.06789512101580608,43.101245403289795,1127.48046875
3,SOKNL,ailerons,0.6477439690022506,0.06725225562190176,37.799026012420654,1221.83203125
4,SOKNL,ailerons,0.6492982999594469,0.06710371617757684,40.98118853569031,1239.5859375
5,SOKNL,ailerons,0.6499525180146741,0.06704109749710234,42.056493520736694,1301.0625
6,SOKNL,ailerons,0.6510135208493355,0.06693941875378882,45.80338191986084,1461.56640625
7,SOKNL,ailerons,0.6451703338470076,0.06749748602484755,46.55277347564697,1489.55859375
8,SOKNL,ailerons,0.653045610578718,0.06674424572051373,50.597512006759644,1356.87890625
9,SOKNL,ailerons,0.653045610578718,0.06674424572051373,52.78078842163086,1289.21484375
1,SOKNL,bike,0.710413923272467,97.61454779658104,23.43842363357544,801.171875
10,SOKNL,bike,0.7075606456393939,98.09426474939158,28.837394952774048,755.0625
2,SOKNL,bike,0.7136489191723281,97.0677854379608,23.675575017929077,781.40625
3,SOKNL,bike,0.7136489191723281,97.0677854379608,23.010833978652954,996.66796875
4,SOKNL,bike,0.710413923272467,97.61454779658104,24.192583799362183,978.953125
5,SOKNL,bike,0.710413923272467,97.61454779658104,24.797371864318848,779.1484375
6,SOKNL,bike,0.724810347798972,95.15722264938591,26.55811643600464,1039.37890625
7,SOKNL,bike,0.7075606456393939,98.09426474939158,26.13195776939392,1274.8671875
8,SOKNL,bike,0.7257120211184291,95.0012009273575,29.23342990875244,1476.61328125
9,SOKNL,bike,0.7246194509134849,95.1902218339762,29.834810972213745,994.109375
1,SOKNL,cpu_activity,0.9128164037664289,5.4434461355901025,29.315261840820312,2244.546875
10,SOKNL,cpu_activity,0.9129781052865944,5.43839574726964,22.271404266357422,2347.296875
2,SOKNL,cpu_activity,0.9136809039728617,5.416390678075899,32.40636205673218,2176.74609375
3,SOKNL,cpu_activity,0.9078375710034567,5.596718921998772,27.45467233657837,2020.578125
4,SOKNL,cpu_activity,0.9078375710034567,5.596718921998772,23.62465786933899,2329.89453125
5,SOKNL,cpu_activity,0.9128164037664289,5.4434461355901025,23.49514389038086,2245.85546875
6,SOKNL,cpu_activity,0.9133948106939518,5.425359209855858,22.9293315410614,2256.98828125
7,SOKNL,cpu_activity,0.9114813835094527,5.484964851829679,24.424798250198364,2297.23046875
8,SOKNL,cpu_activity,0.9128164037664289,5.4434461355901025,24.19338297843933,2166.453125
9,SOKNL,cpu_activity,0.9129781052865944,5.43839574726964,23.999472856521606,2126.21484375
1,SOKNL,elevators,0.628314179916466,0.004098347778940707,23.422040462493896,1380.05859375
10,SOKNL,elevators,0.6254907559608762,0.004113884397420803,30.530802488327026,1819.41796875
2,SOKNL,elevators,0.628314179916466,0.004098347778940707,23.651339530944824,1185.3828125
3,SOKNL,elevators,0.6254907559608762,0.004113884397420803,23.855653762817383,1557.2109375
4,SOKNL,elevators,0.6252345296648101,0.004115291445641661,25.98740792274475,1265.546875
5,SOKNL,elevators,0.6254907559608762,0.004113884397420803,25.2062566280365,1447.00390625
6,SOKNL,elevators,0.6302113199649453,0.004087875108134266,27.099032878875732,1670.91796875
7,SOKNL,elevators,0.6252345296648101,0.004115291445641661,29.694740533828735,1438.40625
8,SOKNL,elevators,0.6377577218519976,0.004045948783743068,29.341474294662476,1781.1953125
9,SOKNL,elevators,0.6308002530959619,0.0040846185936255445,29.376516580581665,1600.2890625
1,SOKNL,fried,0.8330566107757845,2.042320074989927,80.75003576278687,2954.01953125
10,SOKNL,fried,0.8322608718005093,2.0471816682253894,106.82445573806763,2984.671875
2,SOKNL,fried,0.8343384304925018,2.0344643261613164,88.19522190093994,2836.38671875
3,SOKNL,fried,0.8330284370099169,2.0424924011312946,80.87868428230286,2956.46875
4,SOKNL,fried,0.8337264486493638,2.0382186896195926,87.70518970489502,3163.890625
5,SOKNL,fried,0.8330284370099169,2.0424924011312946,85.39195203781128,3016.8515625
6,SOKNL,fried,0.8345666630231103,2.03306239878362,94.22161197662354,2758.48828125
7,SOKNL,fried,0.8337734487284846,2.037930600475276,99.82597947120667,2927.5625
8,SOKNL,fried,0.8322608718005093,2.0471816682253894,98.37244057655334,3082.81640625
9,SOKNL,fried,0.8330566107757845,2.042320074989927,103.4893901348114,2798.9921875
1,SOKNL,hyperA,0.8308588509080597,3.0773661695221617,2430.238767385483,9670.921875
10,SOKNL,hyperA,0.8312844724614109,3.0734918361752266,2456.254235267639,10316.62109375
2,SOKNL,hyperA,0.8308588509080597,3.0773661695221617,2437.824444293976,9656.55859375
3,SOKNL,hyperA,0.8298521437176021,3.0865106343568587,2434.3311896324158,10326.796875
4,SOKNL,hyperA,0.8310246436089451,3.0758575776182338,2370.914094686508,10213.61328125
5,SOKNL,hyperA,0.8312844724614109,3.0734918361752266,2522.123272418976,10651.8125
6,SOKNL,hyperA,0.8298903338379361,3.086164227325502,2456.892611026764,9965.3046875
7,SOKNL,hyperA,0.8298521437176021,3.0865106343568587,2410.5436272621155,10127.796875
8,SOKNL,hyperA,0.8304110736311029,3.0814369230257337,2482.9008269309998,10610.4140625
9,SOKNL,hyperA,0.831201921822364,3.0742436569798492,2492.0435400009155,10287.3984375
1,SOKNL,kin8nm,0.4209413721028721,0.20074252603577747,14.25356149673462,1277.76171875
10,SOKNL,kin8nm,0.42561814302379786,0.19993023340501737,18.54212713241577,1310.59765625
2,SOKNL,kin8nm,0.42018822723440497,0.2008730301572949,14.324393033981323,1377.18359375
3,SOKNL,kin8nm,0.4203390916776495,0.2008468953228383,13.196609020233154,1352.36328125
4,SOKNL,kin8nm,0.4203390916776495,0.2008468953228383,13.129569053649902,1349.55859375
5,SOKNL,kin8nm,0.4252256562559096,0.19999852993084496,14.526676416397095,1267.1640625
6,SOKNL,kin8nm,0.4185561549720619,0.2011555433255448,13.310753107070923,1446.0390625
7,SOKNL,kin8nm,0.42561814302379786,0.19993023340501737,15.645060062408447,1313.03125
8,SOKNL,kin8nm,0.42561814302379786,0.19993023340501737,16.837613821029663,1330.55078125
9,SOKNL,kin8nm,0.42561814302379786,0.19993023340501737,16.862029314041138,1526.140625
1,SOKNL,white_wine,0.2896387349028112,0.7503594627980572,15.285548210144043,783.32421875
10,SOKNL,white_wine,0.2830757406165242,0.7538177612746759,10.219986200332642,1048.87109375
2,SOKNL,white_wine,0.2830757406165242,0.7538177612746759,11.95736050605774,912.59765625
3,SOKNL,white_wine,0.2770893550148815,0.756958443577143,15.227184772491455,1095.81640625
4,SOKNL,white_wine,0.2896387349028112,0.7503594627980572,9.545845985412598,777.25
5,SOKNL,white_wine,0.2770893550148815,0.756958443577143,9.878631353378296,996.6875
6,SOKNL,white_wine,0.2840945365255084,0.7532819588695164,10.01278829574585,785.39453125
7,SOKNL,white_wine,0.2896387349028112,0.7503594627980572,10.655154466629028,788.6171875
8,SOKNL,white_wine,0.2893176698755634,0.7505290152339801,9.594956874847412,1078.01171875
9,SOKNL,white_wine,0.27465991574801285,0.7582293075009322,10.260120391845703,659.67578125
